fortune_rank_2025,company_name,ticker,cik,cik_padded,target_report_year,download_status,failure_reason,form_type,filing_date,report_date,accession_number,primary_document,sec_filing_url,sec_document_url,local_html_path,local_text_path,total_words,ai_keyword_count,ai_keyword_per_10k_words,sample_role,has_10k_text,audit_category,analysis_treatment,sec_sic_code,sec_sic_description,naics_code,naics_description,naics_sector_code,naics_sector_name,naics_source,industry_enrichment_status,industry_enrichment_reason,final_dataset_role,has_10k_text_final,has_ai_window_k5,is_primary_text_sample,is_k5_topic_sample,ai_window_count,topic_0_count,topic_0_share,topic_1_count,topic_1_share,topic_2_count,topic_2_share,topic_3_count,topic_3_share,topic_4_count,topic_4_share,AI_Privacy_Data_Law_Topic_Count,AI_Privacy_Data_Law_Topic_Share,AI_Business_Product_Topic_Count,AI_Business_Product_Topic_Share,AI_Cybersecurity_Risk_Topic_Count,AI_Cybersecurity_Risk_Topic_Share,AI_Infrastructure_Topic_Count,AI_Infrastructure_Topic_Share,AI_AIUse_LegalRisk_Topic_Count,AI_AIUse_LegalRisk_Topic_Share,AI_NegativeSensitive_Topic_Count,AI_NegativeSensitive_Topic_Share,AI_Negative_Orientation,k,k5_topic_0_label,k5_topic_1_label,k5_topic_2_label,k5_topic_3_label,k5_topic_4_label,AI_Dominant_Topic_ID,AI_Dominant_Topic_Label
1,Amazon,AMZN,1018724,0001018724,2023,success,,10-K,2024-02-02,2023-12-31,0001018724-24-000008,amzn-20231231.htm,https://www.sec.gov/Archives/edgar/data/1018724/000101872424000008/,https://www.sec.gov/Archives/edgar/data/1018724/000101872424000008/amzn-20231231.htm,data/raw/sec_10k_html/top100/chunk_01/AMZN/2023_AMZN_10k.html,data/processed/sec_10k_text/top100/chunk_01/AMZN/2023_AMZN_10k.txt,39933,15,3.756292,primary_text_sample,TRUE,,,5961,Retail-Catalog & Mail-Order Houses,,,44-45,Retail Trade,sic_range_sector_crosswalk,success,,master_frame,TRUE,TRUE,TRUE,TRUE,12,5,0.416667,1,0.083333,0,0.0,4,0.333333,2,0.166667,5,0.416667,1,0.083333,0,0.0,4,0.333333,2,0.166667,7,0.583334,0.25,5,privacy_data_law_protection,business_product_service_revenue,cybersecurity_attacks_security_threats,ai_cloud_platform_infrastructure,ai_use_legal_regulatory_risk,0,privacy_data_law_protection
1,Amazon,AMZN,1018724,0001018724,2024,success,,10-K,2025-02-07,2024-12-31,0001018724-25-000004,amzn-20241231.htm,https://www.sec.gov/Archives/edgar/data/1018724/000101872425000004/,https://www.sec.gov/Archives/edgar/data/1018724/000101872425000004/amzn-20241231.htm,data/raw/sec_10k_html/top100/chunk_01/AMZN/2024_AMZN_10k.html,data/processed/sec_10k_text/top100/chunk_01/AMZN/2024_AMZN_10k.txt,39502,22,5.569338,primary_text_sample,TRUE,,,5961,Retail-Catalog & Mail-Order Houses,,,44-45,Retail Trade,sic_range_sector_crosswalk,success,,master_frame,TRUE,TRUE,TRUE,TRUE,16,4,0.25,5,0.3125,0,0.0,5,0.3125,2,0.125,4,0.25,5,0.3125,0,0.0,5,0.3125,2,0.125,6,0.375,0.0625,5,privacy_data_law_protection,business_product_service_revenue,cybersecurity_attacks_security_threats,ai_cloud_platform_infrastructure,ai_use_legal_regulatory_risk,1,business_product_service_revenue
1,Amazon,AMZN,1018724,0001018724,2025,success,,10-K,2026-02-06,2025-12-31,0001018724-26-000004,amzn-20251231.htm,https://www.sec.gov/Archives/edgar/data/1018724/000101872426000004/,https://www.sec.gov/Archives/edgar/data/1018724/000101872426000004/amzn-20251231.htm,data/raw/sec_10k_html/top100/chunk_01/AMZN/2025_AMZN_10k.html,data/processed/sec_10k_text/top100/chunk_01/AMZN/2025_AMZN_10k.txt,39943,45,11.266054,primary_text_sample,TRUE,,,5961,Retail-Catalog & Mail-Order Houses,,,44-45,Retail Trade,sic_range_sector_crosswalk,success,,master_frame,TRUE,TRUE,TRUE,TRUE,29,5,0.172414,15,0.517241,2,0.068966,5,0.172414,2,0.068966,5,0.172414,15,0.517241,2,0.068966,5,0.172414,2,0.068966,9,0.310346,0.137931,5,privacy_data_law_protection,business_product_service_revenue,cybersecurity_attacks_security_threats,ai_cloud_platform_infrastructure,ai_use_legal_regulatory_risk,1,business_product_service_revenue
2,Walmart,WMT,104169,0000104169,2023,success,,10-K,2023-03-17,2023-01-31,0000104169-23-000020,wmt-20230131.htm,https://www.sec.gov/Archives/edgar/data/104169/000010416923000020/,https://www.sec.gov/Archives/edgar/data/104169/000010416923000020/wmt-20230131.htm,data/raw/sec_10k_html/top100/chunk_01/WMT/2023_WMT_10k.html,data/processed/sec_10k_text/top100/chunk_01/WMT/2023_WMT_10k.txt,50892,5,0.982473,primary_text_sample,TRUE,,,5331,Retail-Variety Stores,,,44-45,Retail Trade,sic_range_sector_crosswalk,success,,master_frame,TRUE,TRUE,TRUE,TRUE,5,0,0.0,5,1.0,0,0.0,0,0.0,0,0.0,0,0.0,5,1.0,0,0.0,0,0.0,0,0.0,0,0.0,0.0,5,privacy_data_law_protection,business_product_service_revenue,cybersecurity_attacks_security_threats,ai_cloud_platform_infrastructure,ai_use_legal_regulatory_risk,1,business_product_service_revenue
2,Walmart,WMT,104169,0000104169,2024,success,,10-K,2024-03-15,2024-01-31,0000104169-24-000056,wmt-20240131.htm,https://www.sec.gov/Archives/edgar/data/104169/000010416924000056/,https://www.sec.gov/Archives/edgar/data/104169/000010416924000056/wmt-20240131.htm,data/raw/sec_10k_html/top100/chunk_01/WMT/2024_WMT_10k.html,data/processed/sec_10k_text/top100/chunk_01/WMT/2024_WMT_10k.txt,53582,8,1.493039,primary_text_sample,TRUE,,,5331,Retail-Variety Stores,,,44-45,Retail Trade,sic_range_sector_crosswalk,success,,master_frame,TRUE,TRUE,TRUE,TRUE,7,0,0.0,7,1.0,0,0.0,0,0.0,0,0.0,0,0.0,7,1.0,0,0.0,0,0.0,0,0.0,0,0.0,0.0,5,privacy_data_law_protection,business_product_service_revenue,cybersecurity_attacks_security_threats,ai_cloud_platform_infrastructure,ai_use_legal_regulatory_risk,1,business_product_service_revenue
2,Walmart,WMT,104169,0000104169,2025,success,,10-K,2025-03-14,2025-01-31,0000104169-25-000021,wmt-20250131.htm,https://www.sec.gov/Archives/edgar/data/104169/000010416925000021/,https://www.sec.gov/Archives/edgar/data/104169/000010416925000021/wmt-20250131.htm,data/raw/sec_10k_html/top100/chunk_01/WMT/2025_WMT_10k.html,data/processed/sec_10k_text/top100/chunk_01/WMT/2025_WMT_10k.txt,52699,13,2.46684,primary_text_sample,TRUE,,,5331,Retail-Variety Stores,,,44-45,Retail Trade,sic_range_sector_crosswalk,success,,master_frame,TRUE,TRUE,TRUE,TRUE,12,1,0.083333,7,0.583333,2,0.166667,0,0.0,2,0.166667,1,0.083333,7,0.583333,2,0.166667,0,0.0,2,0.166667,5,0.416667,0.416667,5,privacy_data_law_protection,business_product_service_revenue,cybersecurity_attacks_security_threats,ai_cloud_platform_infrastructure,ai_use_legal_regulatory_risk,1,business_product_service_revenue
3,UnitedHealth Group,UNH,731766,0000731766,2023,success,,10-K,2024-02-28,2023-12-31,0000731766-24-000081,unh-20231231.htm,https://www.sec.gov/Archives/edgar/data/731766/000073176624000081/,https://www.sec.gov/Archives/edgar/data/731766/000073176624000081/unh-20231231.htm,data/raw/sec_10k_html/top100/chunk_01/UNH/2023_UNH_10k.html,data/processed/sec_10k_text/top100/chunk_01/UNH/2023_UNH_10k.txt,43202,6,1.388825,primary_text_sample,TRUE,,,6324,Hospital & Medical Service Plans,,,52,Finance and Insurance,sic_range_sector_crosswalk,success,,master_frame,TRUE,TRUE,TRUE,TRUE,11,3,0.272727,0,0.0,1,0.090909,2,0.181818,5,0.454545,3,0.272727,0,0.0,1,0.090909,2,0.181818,5,0.454545,9,0.818181,0.636364,5,privacy_data_law_protection,business_product_service_revenue,cybersecurity_attacks_security_threats,ai_cloud_platform_infrastructure,ai_use_legal_regulatory_risk,4,ai_use_legal_regulatory_risk
3,UnitedHealth Group,UNH,731766,0000731766,2024,success,,10-K,2025-02-27,2024-12-31,0000731766-25-000063,unh-20241231.htm,https://www.sec.gov/Archives/edgar/data/731766/000073176625000063/,https://www.sec.gov/Archives/edgar/data/731766/000073176625000063/unh-20241231.htm,data/raw/sec_10k_html/top100/chunk_01/UNH/2024_UNH_10k.html,data/processed/sec_10k_text/top100/chunk_01/UNH/2024_UNH_10k.txt,43703,6,1.372903,primary_text_sample,TRUE,,,6324,Hospital & Medical Service Plans,,,52,Finance and Insurance,sic_range_sector_crosswalk,success,,master_frame,TRUE,TRUE,TRUE,TRUE,11,3,0.272727,0,0.0,1,0.090909,2,0.181818,5,0.454545,3,0.272727,0,0.0,1,0.090909,2,0.181818,5,0.454545,9,0.818181,0.636364,5,privacy_data_law_protection,business_product_service_revenue,cybersecurity_attacks_security_threats,ai_cloud_platform_infrastructure,ai_use_legal_regulatory_risk,4,ai_use_legal_regulatory_risk
3,UnitedHealth Group,UNH,731766,0000731766,2025,success,,10-K,2026-03-02,2025-12-31,0000731766-26-000062,unh-20251231.htm,https://www.sec.gov/Archives/edgar/data/731766/000073176626000062/,https://www.sec.gov/Archives/edgar/data/731766/000073176626000062/unh-20251231.htm,data/raw/sec_10k_html/top100/chunk_01/UNH/2025_UNH_10k.html,data/processed/sec_10k_text/top100/chunk_01/UNH/2025_UNH_10k.txt,45833,5,1.090917,primary_text_sample,TRUE,,,6324,Hospital & Medical Service Plans,,,52,Finance and Insurance,sic_range_sector_crosswalk,success,,master_frame,TRUE,TRUE,TRUE,TRUE,15,3,0.2,0,0.0,1,0.066667,3,0.2,8,0.533333,3,0.2,0,0.0,1,0.066667,3,0.2,8,0.533333,12,0.8,0.6,5,privacy_data_law_protection,business_product_service_revenue,cybersecurity_attacks_security_threats,ai_cloud_platform_infrastructure,ai_use_legal_regulatory_risk,4,ai_use_legal_regulatory_risk
4,Apple,AAPL,320193,0000320193,2023,success,,10-K,2023-11-03,2023-09-30,0000320193-23-000106,aapl-20230930.htm,https://www.sec.gov/Archives/edgar/data/320193/000032019323000106/,https://www.sec.gov/Archives/edgar/data/320193/000032019323000106/aapl-20230930.htm,data/raw/sec_10k_html/top100/chunk_01/AAPL/2023_AAPL_10k.html,data/processed/sec_10k_text/top100/chunk_01/AAPL/2023_AAPL_10k.txt,28121,2,0.711212,primary_text_sample,TRUE,,,3571,Electronic Computers,,,31-33,Manufacturing,sic_range_sector_crosswalk,success,,master_frame,TRUE,TRUE,TRUE,TRUE,1,1,1.0,0,0.0,0,0.0,0,0.0,0,0.0,1,1.0,0,0.0,0,0.0,0,0.0,0,0.0,1,1.0,1.0,5,privacy_data_law_protection,business_product_service_revenue,cybersecurity_attacks_security_threats,ai_cloud_platform_infrastructure,ai_use_legal_regulatory_risk,0,privacy_data_law_protection
4,Apple,AAPL,320193,0000320193,2024,success,,10-K,2024-11-01,2024-09-28,0000320193-24-000123,aapl-20240928.htm,https://www.sec.gov/Archives/edgar/data/320193/000032019324000123/,https://www.sec.gov/Archives/edgar/data/320193/000032019324000123/aapl-20240928.htm,data/raw/sec_10k_html/top100/chunk_01/AAPL/2024_AAPL_10k.html,data/processed/sec_10k_text/top100/chunk_01/AAPL/2024_AAPL_10k.txt,28597,5,1.748435,primary_text_sample,TRUE,,,3571,Electronic Computers,,,31-33,Manufacturing,sic_range_sector_crosswalk,success,,master_frame,TRUE,TRUE,TRUE,TRUE,3,2,0.666667,0,0.0,0,0.0,0,0.0,1,0.333333,2,0.666667,0,0.0,0,0.0,0,0.0,1,0.333333,3,1.0,1.0,5,privacy_data_law_protection,business_product_service_revenue,cybersecurity_attacks_security_threats,ai_cloud_platform_infrastructure,ai_use_legal_regulatory_risk,0,privacy_data_law_protection
4,Apple,AAPL,320193,0000320193,2025,success,,10-K,2025-10-31,2025-09-27,0000320193-25-000079,aapl-20250927.htm,https://www.sec.gov/Archives/edgar/data/320193/000032019325000079/,https://www.sec.gov/Archives/edgar/data/320193/000032019325000079/aapl-20250927.htm,data/raw/sec_10k_html/top100/chunk_01/AAPL/2025_AAPL_10k.html,data/processed/sec_10k_text/top100/chunk_01/AAPL/2025_AAPL_10k.txt,28894,10,3.460926,primary_text_sample,TRUE,,,3571,Electronic Computers,,,31-33,Manufacturing,sic_range_sector_crosswalk,success,,master_frame,TRUE,TRUE,TRUE,TRUE,6,3,0.5,0,0.0,0,0.0,0,0.0,3,0.5,3,0.5,0,0.0,0,0.0,0,0.0,3,0.5,6,1.0,1.0,5,privacy_data_law_protection,business_product_service_revenue,cybersecurity_attacks_security_threats,ai_cloud_platform_infrastructure,ai_use_legal_regulatory_risk,0,privacy_data_law_protection
5,Alphabet,GOOGL,1652044,0001652044,2023,success,,10-K,2024-01-31,2023-12-31,0001652044-24-000022,goog-20231231.htm,https://www.sec.gov/Archives/edgar/data/1652044/000165204424000022/,https://www.sec.gov/Archives/edgar/data/1652044/000165204424000022/goog-20231231.htm,data/raw/sec_10k_html/top100/chunk_01/GOOGL/2023_GOOGL_10k.html,data/processed/sec_10k_text/top100/chunk_01/GOOGL/2023_GOOGL_10k.txt,49233,15,3.046737,primary_text_sample,TRUE,,,7370,"Services-Computer Programming, Data Processing, Etc.",,,51,Information,sic_exact_sector_override,success,,master_frame,TRUE,TRUE,TRUE,TRUE,82,5,0.060976,10,0.121951,1,0.012195,50,0.609756,16,0.195122,5,0.060976,10,0.121951,1,0.012195,50,0.609756,16,0.195122,22,0.268293,-0.341463,5,privacy_data_law_protection,business_product_service_revenue,cybersecurity_attacks_security_threats,ai_cloud_platform_infrastructure,ai_use_legal_regulatory_risk,3,ai_cloud_platform_infrastructure
5,Alphabet,GOOGL,1652044,0001652044,2024,success,,10-K,2025-02-05,2024-12-31,0001652044-25-000014,goog-20241231.htm,https://www.sec.gov/Archives/edgar/data/1652044/000165204425000014/,https://www.sec.gov/Archives/edgar/data/1652044/000165204425000014/goog-20241231.htm,data/raw/sec_10k_html/top100/chunk_01/GOOGL/2024_GOOGL_10k.html,data/processed/sec_10k_text/top100/chunk_01/GOOGL/2024_GOOGL_10k.txt,50582,10,1.976988,primary_text_sample,TRUE,,,7370,"Services-Computer Programming, Data Processing, Etc.",,,51,Information,sic_exact_sector_override,success,,master_frame,TRUE,TRUE,TRUE,TRUE,93,7,0.075269,15,0.16129,2,0.021505,50,0.537634,19,0.204301,7,0.075269,15,0.16129,2,0.021505,50,0.537634,19,0.204301,28,0.301075,-0.236559,5,privacy_data_law_protection,business_product_service_revenue,cybersecurity_attacks_security_threats,ai_cloud_platform_infrastructure,ai_use_legal_regulatory_risk,3,ai_cloud_platform_infrastructure
5,Alphabet,GOOGL,1652044,0001652044,2025,success,,10-K,2026-02-05,2025-12-31,0001652044-26-000018,goog-20251231.htm,https://www.sec.gov/Archives/edgar/data/1652044/000165204426000018/,https://www.sec.gov/Archives/edgar/data/1652044/000165204426000018/goog-20251231.htm,data/raw/sec_10k_html/top100/chunk_01/GOOGL/2025_GOOGL_10k.html,data/processed/sec_10k_text/top100/chunk_01/GOOGL/2025_GOOGL_10k.txt,49493,9,1.818439,primary_text_sample,TRUE,,,7370,"Services-Computer Programming, Data Processing, Etc.",,,51,Information,sic_exact_sector_override,success,,master_frame,TRUE,TRUE,TRUE,TRUE,84,10,0.119048,15,0.178571,3,0.035714,33,0.392857,23,0.27381,10,0.119048,15,0.178571,3,0.035714,33,0.392857,23,0.27381,36,0.428572,0.035714,5,privacy_data_law_protection,business_product_service_revenue,cybersecurity_attacks_security_threats,ai_cloud_platform_infrastructure,ai_use_legal_regulatory_risk,3,ai_cloud_platform_infrastructure
6,CVS Health,CVS,64803,0000064803,2023,success,,10-K,2024-02-07,2023-12-31,0000064803-24-000007,cvs-20231231.htm,https://www.sec.gov/Archives/edgar/data/64803/000006480324000007/,https://www.sec.gov/Archives/edgar/data/64803/000006480324000007/cvs-20231231.htm,data/raw/sec_10k_html/top100/chunk_01/CVS/2023_CVS_10k.html,data/processed/sec_10k_text/top100/chunk_01/CVS/2023_CVS_10k.txt,124522,6,0.481843,primary_text_sample,TRUE,,,5912,Retail-Drug Stores and Proprietary Stores,,,44-45,Retail Trade,sic_range_sector_crosswalk,success,,master_frame,TRUE,TRUE,TRUE,TRUE,4,0,0.0,1,0.25,0,0.0,3,0.75,0,0.0,0,0.0,1,0.25,0,0.0,3,0.75,0,0.0,0,0.0,-0.75,5,privacy_data_law_protection,business_product_service_revenue,cybersecurity_attacks_security_threats,ai_cloud_platform_infrastructure,ai_use_legal_regulatory_risk,3,ai_cloud_platform_infrastructure
6,CVS Health,CVS,64803,0000064803,2024,success,,10-K,2025-02-12,2024-12-31,0000064803-25-000007,cvs-20241231.htm,https://www.sec.gov/Archives/edgar/data/64803/000006480325000007/,https://www.sec.gov/Archives/edgar/data/64803/000006480325000007/cvs-20241231.htm,data/raw/sec_10k_html/top100/chunk_01/CVS/2024_CVS_10k.html,data/processed/sec_10k_text/top100/chunk_01/CVS/2024_CVS_10k.txt,120171,8,0.665718,primary_text_sample,TRUE,,,5912,Retail-Drug Stores and Proprietary Stores,,,44-45,Retail Trade,sic_range_sector_crosswalk,success,,master_frame,TRUE,TRUE,TRUE,TRUE,7,2,0.285714,1,0.142857,1,0.142857,3,0.428571,0,0.0,2,0.285714,1,0.142857,1,0.142857,3,0.428571,0,0.0,3,0.428571,0.0,5,privacy_data_law_protection,business_product_service_revenue,cybersecurity_attacks_security_threats,ai_cloud_platform_infrastructure,ai_use_legal_regulatory_risk,3,ai_cloud_platform_infrastructure
6,CVS Health,CVS,64803,0000064803,2025,success,,10-K,2026-02-10,2025-12-31,0000064803-26-000010,cvs-20251231.htm,https://www.sec.gov/Archives/edgar/data/64803/000006480326000010/,https://www.sec.gov/Archives/edgar/data/64803/000006480326000010/cvs-20251231.htm,data/raw/sec_10k_html/top100/chunk_01/CVS/2025_CVS_10k.html,data/processed/sec_10k_text/top100/chunk_01/CVS/2025_CVS_10k.txt,109371,7,0.640023,primary_text_sample,TRUE,,,5912,Retail-Drug Stores and Proprietary Stores,,,44-45,Retail Trade,sic_range_sector_crosswalk,success,,master_frame,TRUE,TRUE,TRUE,TRUE,13,2,0.153846,2,0.153846,2,0.153846,4,0.307692,3,0.230769,2,0.153846,2,0.153846,2,0.153846,4,0.307692,3,0.230769,7,0.538461,0.230769,5,privacy_data_law_protection,business_product_service_revenue,cybersecurity_attacks_security_threats,ai_cloud_platform_infrastructure,ai_use_legal_regulatory_risk,3,ai_cloud_platform_infrastructure
7,Berkshire Hathaway,BRK-B,1067983,0001067983,2025,success,,10-K,2026-03-02,2025-12-31,0001193125-26-083899,brka-20251231.htm,https://www.sec.gov/Archives/edgar/data/1067983/000119312526083899/,https://www.sec.gov/Archives/edgar/data/1067983/000119312526083899/brka-20251231.htm,data/raw/sec_10k_html/top100/chunk_01/BRK-B/2025_BRK-B_10k.html,data/processed/sec_10k_text/top100/chunk_01/BRK-B/2025_BRK-B_10k.txt,69544,2,0.287588,primary_text_sample,TRUE,,,6331,"Fire, Marine & Casualty Insurance",,,52,Finance and Insurance,sic_range_sector_crosswalk,success,,master_frame,TRUE,TRUE,TRUE,TRUE,2,2,1.0,0,0.0,0,0.0,0,0.0,0,0.0,2,1.0,0,0.0,0,0.0,0,0.0,0,0.0,2,1.0,1.0,5,privacy_data_law_protection,business_product_service_revenue,cybersecurity_attacks_security_threats,ai_cloud_platform_infrastructure,ai_use_legal_regulatory_risk,0,privacy_data_law_protection
8,McKesson,MCK,927653,0000927653,2023,success,,10-K,2023-05-09,2023-03-31,0000927653-23-000038,mck-20230331.htm,https://www.sec.gov/Archives/edgar/data/927653/000092765323000038/,https://www.sec.gov/Archives/edgar/data/927653/000092765323000038/mck-20230331.htm,data/raw/sec_10k_html/top100/chunk_01/MCK/2023_MCK_10k.html,data/processed/sec_10k_text/top100/chunk_01/MCK/2023_MCK_10k.txt,75453,3,0.397599,primary_text_sample,TRUE,,,5122,"Wholesale-Drugs, Proprietaries & Druggists' Sundries",,,42,Wholesale Trade,sic_range_sector_crosswalk,success,,master_frame,TRUE,TRUE,TRUE,TRUE,3,0,0.0,3,1.0,0,0.0,0,0.0,0,0.0,0,0.0,3,1.0,0,0.0,0,0.0,0,0.0,0,0.0,0.0,5,privacy_data_law_protection,business_product_service_revenue,cybersecurity_attacks_security_threats,ai_cloud_platform_infrastructure,ai_use_legal_regulatory_risk,1,business_product_service_revenue
8,McKesson,MCK,927653,0000927653,2024,success,,10-K,2024-05-08,2024-03-31,0000927653-24-000035,mck-20240331.htm,https://www.sec.gov/Archives/edgar/data/927653/000092765324000035/,https://www.sec.gov/Archives/edgar/data/927653/000092765324000035/mck-20240331.htm,data/raw/sec_10k_html/top100/chunk_01/MCK/2024_MCK_10k.html,data/processed/sec_10k_text/top100/chunk_01/MCK/2024_MCK_10k.txt,70217,7,0.99691,primary_text_sample,TRUE,,,5122,"Wholesale-Drugs, Proprietaries & Druggists' Sundries",,,42,Wholesale Trade,sic_range_sector_crosswalk,success,,master_frame,TRUE,TRUE,TRUE,TRUE,13,2,0.153846,6,0.461538,1,0.076923,1,0.076923,3,0.230769,2,0.153846,6,0.461538,1,0.076923,1,0.076923,3,0.230769,6,0.461538,0.384615,5,privacy_data_law_protection,business_product_service_revenue,cybersecurity_attacks_security_threats,ai_cloud_platform_infrastructure,ai_use_legal_regulatory_risk,1,business_product_service_revenue
8,McKesson,MCK,927653,0000927653,2025,success,,10-K,2025-05-09,2025-03-31,0000927653-25-000036,mck-20250331.htm,https://www.sec.gov/Archives/edgar/data/927653/000092765325000036/,https://www.sec.gov/Archives/edgar/data/927653/000092765325000036/mck-20250331.htm,data/raw/sec_10k_html/top100/chunk_01/MCK/2025_MCK_10k.html,data/processed/sec_10k_text/top100/chunk_01/MCK/2025_MCK_10k.txt,68521,9,1.313466,primary_text_sample,TRUE,,,5122,"Wholesale-Drugs, Proprietaries & Druggists' Sundries",,,42,Wholesale Trade,sic_range_sector_crosswalk,success,,master_frame,TRUE,TRUE,TRUE,TRUE,24,5,0.208333,7,0.291667,2,0.083333,1,0.041667,9,0.375,5,0.208333,7,0.291667,2,0.083333,1,0.041667,9,0.375,16,0.666666,0.625,5,privacy_data_law_protection,business_product_service_revenue,cybersecurity_attacks_security_threats,ai_cloud_platform_infrastructure,ai_use_legal_regulatory_risk,4,ai_use_legal_regulatory_risk
9,Exxon Mobil,XOM,34088,0000034088,2025,success,,10-K,2026-02-18,2025-12-31,0000034088-26-000045,xom-20251231.htm,https://www.sec.gov/Archives/edgar/data/34088/000003408826000045/,https://www.sec.gov/Archives/edgar/data/34088/000003408826000045/xom-20251231.htm,data/raw/sec_10k_html/top100/chunk_01/XOM/2025_XOM_10k.html,data/processed/sec_10k_text/top100/chunk_01/XOM/2025_XOM_10k.txt,56022,1,0.178501,primary_text_sample,TRUE,,,2911,Petroleum Refining,,,31-33,Manufacturing,sic_range_sector_crosswalk,success,,master_frame,TRUE,TRUE,TRUE,TRUE,3,0,0.0,3,1.0,0,0.0,0,0.0,0,0.0,0,0.0,3,1.0,0,0.0,0,0.0,0,0.0,0,0.0,0.0,5,privacy_data_law_protection,business_product_service_revenue,cybersecurity_attacks_security_threats,ai_cloud_platform_infrastructure,ai_use_legal_regulatory_risk,1,business_product_service_revenue
10,Cencora,COR,1140859,0001140859,2023,success,,10-K,2023-11-21,2023-09-30,0001140859-23-000197,cor-20230930.htm,https://www.sec.gov/Archives/edgar/data/1140859/000114085923000197/,https://www.sec.gov/Archives/edgar/data/1140859/000114085923000197/cor-20230930.htm,data/raw/sec_10k_html/top100/chunk_01/COR/2023_COR_10k.html,data/processed/sec_10k_text/top100/chunk_01/COR/2023_COR_10k.txt,54775,3,0.547695,primary_text_sample,TRUE,,,5122,"Wholesale-Drugs, Proprietaries & Druggists' Sundries",,,42,Wholesale Trade,sic_range_sector_crosswalk,success,,master_frame,TRUE,TRUE,TRUE,TRUE,3,0,0.0,2,0.666667,1,0.333333,0,0.0,0,0.0,0,0.0,2,0.666667,1,0.333333,0,0.0,0,0.0,1,0.333333,0.333333,5,privacy_data_law_protection,business_product_service_revenue,cybersecurity_attacks_security_threats,ai_cloud_platform_infrastructure,ai_use_legal_regulatory_risk,1,business_product_service_revenue
10,Cencora,COR,1140859,0001140859,2024,success,,10-K,2024-11-26,2024-09-30,0001140859-24-000177,cor-20240930.htm,https://www.sec.gov/Archives/edgar/data/1140859/000114085924000177/,https://www.sec.gov/Archives/edgar/data/1140859/000114085924000177/cor-20240930.htm,data/raw/sec_10k_html/top100/chunk_01/COR/2024_COR_10k.html,data/processed/sec_10k_text/top100/chunk_01/COR/2024_COR_10k.txt,55318,3,0.542319,primary_text_sample,TRUE,,,5122,"Wholesale-Drugs, Proprietaries & Druggists' Sundries",,,42,Wholesale Trade,sic_range_sector_crosswalk,success,,master_frame,TRUE,TRUE,TRUE,TRUE,3,0,0.0,2,0.666667,1,0.333333,0,0.0,0,0.0,0,0.0,2,0.666667,1,0.333333,0,0.0,0,0.0,1,0.333333,0.333333,5,privacy_data_law_protection,business_product_service_revenue,cybersecurity_attacks_security_threats,ai_cloud_platform_infrastructure,ai_use_legal_regulatory_risk,1,business_product_service_revenue
10,Cencora,COR,1140859,0001140859,2025,success,,10-K,2025-11-25,2025-09-30,0001140859-25-000131,cor-20250930.htm,https://www.sec.gov/Archives/edgar/data/1140859/000114085925000131/,https://www.sec.gov/Archives/edgar/data/1140859/000114085925000131/cor-20250930.htm,data/raw/sec_10k_html/top100/chunk_01/COR/2025_COR_10k.html,data/processed/sec_10k_text/top100/chunk_01/COR/2025_COR_10k.txt,57397,7,1.219576,primary_text_sample,TRUE,,,5122,"Wholesale-Drugs, Proprietaries & Druggists' Sundries",,,42,Wholesale Trade,sic_range_sector_crosswalk,success,,master_frame,TRUE,TRUE,TRUE,TRUE,17,3,0.176471,3,0.176471,5,0.294118,0,0.0,6,0.352941,3,0.176471,3,0.176471,5,0.294118,0,0.0,6,0.352941,14,0.82353,0.823529,5,privacy_data_law_protection,business_product_service_revenue,cybersecurity_attacks_security_threats,ai_cloud_platform_infrastructure,ai_use_legal_regulatory_risk,4,ai_use_legal_regulatory_risk
11,Microsoft,MSFT,789019,0000789019,2023,success,,10-K,2023-07-27,2023-06-30,0000950170-23-035122,msft-20230630.htm,https://www.sec.gov/Archives/edgar/data/789019/000095017023035122/,https://www.sec.gov/Archives/edgar/data/789019/000095017023035122/msft-20230630.htm,data/raw/sec_10k_html/top100/chunk_01/MSFT/2023_MSFT_10k.html,data/processed/sec_10k_text/top100/chunk_01/MSFT/2023_MSFT_10k.txt,47775,18,3.767661,primary_text_sample,TRUE,,,7372,Services-Prepackaged Software,,,51,Information,sic_exact_sector_override,success,,master_frame,TRUE,TRUE,TRUE,TRUE,71,3,0.042254,3,0.042254,4,0.056338,49,0.690141,12,0.169014,3,0.042254,3,0.042254,4,0.056338,49,0.690141,12,0.169014,19,0.267606,-0.422535,5,privacy_data_law_protection,business_product_service_revenue,cybersecurity_attacks_security_threats,ai_cloud_platform_infrastructure,ai_use_legal_regulatory_risk,3,ai_cloud_platform_infrastructure
11,Microsoft,MSFT,789019,0000789019,2024,success,,10-K,2024-07-30,2024-06-30,0000950170-24-087843,msft-20240630.htm,https://www.sec.gov/Archives/edgar/data/789019/000095017024087843/,https://www.sec.gov/Archives/edgar/data/789019/000095017024087843/msft-20240630.htm,data/raw/sec_10k_html/top100/chunk_01/MSFT/2024_MSFT_10k.html,data/processed/sec_10k_text/top100/chunk_01/MSFT/2024_MSFT_10k.txt,50041,19,3.796887,primary_text_sample,TRUE,,,7372,Services-Prepackaged Software,,,51,Information,sic_exact_sector_override,success,,master_frame,TRUE,TRUE,TRUE,TRUE,99,5,0.050505,13,0.131313,6,0.060606,61,0.616162,14,0.141414,5,0.050505,13,0.131313,6,0.060606,61,0.616162,14,0.141414,25,0.252525,-0.363636,5,privacy_data_law_protection,business_product_service_revenue,cybersecurity_attacks_security_threats,ai_cloud_platform_infrastructure,ai_use_legal_regulatory_risk,3,ai_cloud_platform_infrastructure
11,Microsoft,MSFT,789019,0000789019,2025,success,,10-K,2025-07-30,2025-06-30,0000950170-25-100235,msft-20250630.htm,https://www.sec.gov/Archives/edgar/data/789019/000095017025100235/,https://www.sec.gov/Archives/edgar/data/789019/000095017025100235/msft-20250630.htm,data/raw/sec_10k_html/top100/chunk_01/MSFT/2025_MSFT_10k.html,data/processed/sec_10k_text/top100/chunk_01/MSFT/2025_MSFT_10k.txt,44008,10,2.272314,primary_text_sample,TRUE,,,7372,Services-Prepackaged Software,,,51,Information,sic_exact_sector_override,success,,master_frame,TRUE,TRUE,TRUE,TRUE,87,4,0.045977,20,0.229885,9,0.103448,37,0.425287,17,0.195402,4,0.045977,20,0.229885,9,0.103448,37,0.425287,17,0.195402,30,0.344827,-0.08046,5,privacy_data_law_protection,business_product_service_revenue,cybersecurity_attacks_security_threats,ai_cloud_platform_infrastructure,ai_use_legal_regulatory_risk,3,ai_cloud_platform_infrastructure
12,JPMorgan Chase,JPM,19617,0000019617,2023,success,,10-K,2024-02-16,2023-12-31,0000019617-24-000225,jpm-20231231.htm,https://www.sec.gov/Archives/edgar/data/19617/000001961724000225/,https://www.sec.gov/Archives/edgar/data/19617/000001961724000225/jpm-20231231.htm,data/raw/sec_10k_html/major_missing/JPM/2023_JPM_10k.html,data/processed/sec_10k_text/major_missing/JPM/2023_JPM_10k.txt,175620,6,0.341647,primary_text_sample,TRUE,,,6021,National Commercial Banks,,,52,Finance and Insurance,sic_range_sector_crosswalk,success,,master_frame,TRUE,TRUE,TRUE,TRUE,3,0,0.0,2,0.666667,1,0.333333,0,0.0,0,0.0,0,0.0,2,0.666667,1,0.333333,0,0.0,0,0.0,1,0.333333,0.333333,5,privacy_data_law_protection,business_product_service_revenue,cybersecurity_attacks_security_threats,ai_cloud_platform_infrastructure,ai_use_legal_regulatory_risk,1,business_product_service_revenue
12,JPMorgan Chase,JPM,19617,0000019617,2024,success,,10-K,2025-02-14,2024-12-31,0000019617-25-000270,jpm-20241231.htm,https://www.sec.gov/Archives/edgar/data/19617/000001961725000270/,https://www.sec.gov/Archives/edgar/data/19617/000001961725000270/jpm-20241231.htm,data/raw/sec_10k_html/major_missing/JPM/2024_JPM_10k.html,data/processed/sec_10k_text/major_missing/JPM/2024_JPM_10k.txt,171279,20,1.167685,primary_text_sample,TRUE,,,6021,National Commercial Banks,,,52,Finance and Insurance,sic_range_sector_crosswalk,success,,master_frame,TRUE,TRUE,TRUE,TRUE,11,5,0.454545,4,0.363636,2,0.181818,0,0.0,0,0.0,5,0.454545,4,0.363636,2,0.181818,0,0.0,0,0.0,7,0.636363,0.636364,5,privacy_data_law_protection,business_product_service_revenue,cybersecurity_attacks_security_threats,ai_cloud_platform_infrastructure,ai_use_legal_regulatory_risk,0,privacy_data_law_protection
12,JPMorgan Chase,JPM,19617,0000019617,2025,success,,10-K,2026-02-13,2025-12-31,0001628280-26-008131,jpm-20251231.htm,https://www.sec.gov/Archives/edgar/data/19617/000162828026008131/,https://www.sec.gov/Archives/edgar/data/19617/000162828026008131/jpm-20251231.htm,data/raw/sec_10k_html/top100/chunk_01/JPM/2025_JPM_10k.html,data/processed/sec_10k_text/top100/chunk_01/JPM/2025_JPM_10k.txt,166547,11,0.660474,primary_text_sample,TRUE,,,6021,National Commercial Banks,,,52,Finance and Insurance,sic_range_sector_crosswalk,success,,master_frame,TRUE,TRUE,TRUE,TRUE,17,3,0.176471,9,0.529412,3,0.176471,0,0.0,2,0.117647,3,0.176471,9,0.529412,3,0.176471,0,0.0,2,0.117647,8,0.470589,0.470588,5,privacy_data_law_protection,business_product_service_revenue,cybersecurity_attacks_security_threats,ai_cloud_platform_infrastructure,ai_use_legal_regulatory_risk,1,business_product_service_revenue
13,Costco Wholesale,COST,909832,0000909832,2024,success,,10-K,2024-10-09,2024-09-01,0000909832-24-000049,cost-20240901.htm,https://www.sec.gov/Archives/edgar/data/909832/000090983224000049/,https://www.sec.gov/Archives/edgar/data/909832/000090983224000049/cost-20240901.htm,data/raw/sec_10k_html/top100/chunk_01/COST/2024_COST_10k.html,data/processed/sec_10k_text/top100/chunk_01/COST/2024_COST_10k.txt,29643,2,0.674696,primary_text_sample,TRUE,,,5331,Retail-Variety Stores,,,44-45,Retail Trade,sic_range_sector_crosswalk,success,,master_frame,TRUE,TRUE,TRUE,TRUE,2,1,0.5,1,0.5,0,0.0,0,0.0,0,0.0,1,0.5,1,0.5,0,0.0,0,0.0,0,0.0,1,0.5,0.5,5,privacy_data_law_protection,business_product_service_revenue,cybersecurity_attacks_security_threats,ai_cloud_platform_infrastructure,ai_use_legal_regulatory_risk,0,privacy_data_law_protection
13,Costco Wholesale,COST,909832,0000909832,2025,success,,10-K,2025-10-08,2025-08-31,0000909832-25-000101,cost-20250831.htm,https://www.sec.gov/Archives/edgar/data/909832/000090983225000101/,https://www.sec.gov/Archives/edgar/data/909832/000090983225000101/cost-20250831.htm,data/raw/sec_10k_html/top100/chunk_01/COST/2025_COST_10k.html,data/processed/sec_10k_text/top100/chunk_01/COST/2025_COST_10k.txt,28992,2,0.689845,primary_text_sample,TRUE,,,5331,Retail-Variety Stores,,,44-45,Retail Trade,sic_range_sector_crosswalk,success,,master_frame,TRUE,TRUE,TRUE,TRUE,2,1,0.5,1,0.5,0,0.0,0,0.0,0,0.0,1,0.5,1,0.5,0,0.0,0,0.0,0,0.0,1,0.5,0.5,5,privacy_data_law_protection,business_product_service_revenue,cybersecurity_attacks_security_threats,ai_cloud_platform_infrastructure,ai_use_legal_regulatory_risk,0,privacy_data_law_protection
14,Cigna Group,CI,1739940,0001739940,2023,success,,10-K,2024-02-29,2023-12-31,0001739940-24-000005,ci-20231231.htm,https://www.sec.gov/Archives/edgar/data/1739940/000173994024000005/,https://www.sec.gov/Archives/edgar/data/1739940/000173994024000005/ci-20231231.htm,data/raw/sec_10k_html/top100/chunk_01/CI/2023_CI_10k.html,data/processed/sec_10k_text/top100/chunk_01/CI/2023_CI_10k.txt,91301,11,1.204806,primary_text_sample,TRUE,,,6324,Hospital & Medical Service Plans,,,52,Finance and Insurance,sic_range_sector_crosswalk,success,,master_frame,TRUE,TRUE,TRUE,TRUE,23,2,0.086957,1,0.043478,2,0.086957,5,0.217391,13,0.565217,2,0.086957,1,0.043478,2,0.086957,5,0.217391,13,0.565217,17,0.739131,0.521739,5,privacy_data_law_protection,business_product_service_revenue,cybersecurity_attacks_security_threats,ai_cloud_platform_infrastructure,ai_use_legal_regulatory_risk,4,ai_use_legal_regulatory_risk
14,Cigna Group,CI,1739940,0001739940,2024,success,,10-K,2025-02-27,2024-12-31,0001739940-25-000009,ci-20241231.htm,https://www.sec.gov/Archives/edgar/data/1739940/000173994025000009/,https://www.sec.gov/Archives/edgar/data/1739940/000173994025000009/ci-20241231.htm,data/raw/sec_10k_html/top100/chunk_01/CI/2024_CI_10k.html,data/processed/sec_10k_text/top100/chunk_01/CI/2024_CI_10k.txt,75394,10,1.326365,primary_text_sample,TRUE,,,6324,Hospital & Medical Service Plans,,,52,Finance and Insurance,sic_range_sector_crosswalk,success,,master_frame,TRUE,TRUE,TRUE,TRUE,27,3,0.111111,0,0.0,2,0.074074,3,0.111111,19,0.703704,3,0.111111,0,0.0,2,0.074074,3,0.111111,19,0.703704,24,0.888889,0.777778,5,privacy_data_law_protection,business_product_service_revenue,cybersecurity_attacks_security_threats,ai_cloud_platform_infrastructure,ai_use_legal_regulatory_risk,4,ai_use_legal_regulatory_risk
14,Cigna Group,CI,1739940,0001739940,2025,success,,10-K,2026-02-26,2025-12-31,0001739940-26-000006,ci-20251231.htm,https://www.sec.gov/Archives/edgar/data/1739940/000173994026000006/,https://www.sec.gov/Archives/edgar/data/1739940/000173994026000006/ci-20251231.htm,data/raw/sec_10k_html/top100/chunk_01/CI/2025_CI_10k.html,data/processed/sec_10k_text/top100/chunk_01/CI/2025_CI_10k.txt,72139,12,1.663455,primary_text_sample,TRUE,,,6324,Hospital & Medical Service Plans,,,52,Finance and Insurance,sic_range_sector_crosswalk,success,,master_frame,TRUE,TRUE,TRUE,TRUE,35,3,0.085714,1,0.028571,3,0.085714,3,0.085714,25,0.714286,3,0.085714,1,0.028571,3,0.085714,3,0.085714,25,0.714286,31,0.885714,0.8,5,privacy_data_law_protection,business_product_service_revenue,cybersecurity_attacks_security_threats,ai_cloud_platform_infrastructure,ai_use_legal_regulatory_risk,4,ai_use_legal_regulatory_risk
15,Cardinal Health,CAH,721371,0000721371,2024,success,,10-K,2024-08-14,2024-06-30,0000721371-24-000056,cah-20240630.htm,https://www.sec.gov/Archives/edgar/data/721371/000072137124000056/,https://www.sec.gov/Archives/edgar/data/721371/000072137124000056/cah-20240630.htm,data/raw/sec_10k_html/top100/chunk_01/CAH/2024_CAH_10k.html,data/processed/sec_10k_text/top100/chunk_01/CAH/2024_CAH_10k.txt,56467,6,1.062568,primary_text_sample,TRUE,,,5122,"Wholesale-Drugs, Proprietaries & Druggists' Sundries",,,42,Wholesale Trade,sic_range_sector_crosswalk,success,,master_frame,TRUE,TRUE,TRUE,TRUE,4,1,0.25,3,0.75,0,0.0,0,0.0,0,0.0,1,0.25,3,0.75,0,0.0,0,0.0,0,0.0,1,0.25,0.25,5,privacy_data_law_protection,business_product_service_revenue,cybersecurity_attacks_security_threats,ai_cloud_platform_infrastructure,ai_use_legal_regulatory_risk,1,business_product_service_revenue
15,Cardinal Health,CAH,721371,0000721371,2025,success,,10-K,2025-08-12,2025-06-30,0000721371-25-000079,cah-20250630.htm,https://www.sec.gov/Archives/edgar/data/721371/000072137125000079/,https://www.sec.gov/Archives/edgar/data/721371/000072137125000079/cah-20250630.htm,data/raw/sec_10k_html/top100/chunk_01/CAH/2025_CAH_10k.html,data/processed/sec_10k_text/top100/chunk_01/CAH/2025_CAH_10k.txt,52825,4,0.757217,primary_text_sample,TRUE,,,5122,"Wholesale-Drugs, Proprietaries & Druggists' Sundries",,,42,Wholesale Trade,sic_range_sector_crosswalk,success,,master_frame,TRUE,TRUE,TRUE,TRUE,3,1,0.333333,1,0.333333,1,0.333333,0,0.0,0,0.0,1,0.333333,1,0.333333,1,0.333333,0,0.0,0,0.0,2,0.666666,0.666667,5,privacy_data_law_protection,business_product_service_revenue,cybersecurity_attacks_security_threats,ai_cloud_platform_infrastructure,ai_use_legal_regulatory_risk,0,privacy_data_law_protection
16,Nvidia,NVDA,1045810,0001045810,2023,success,,10-K,2023-02-24,2023-01-29,0001045810-23-000017,nvda-20230129.htm,https://www.sec.gov/Archives/edgar/data/1045810/000104581023000017/,https://www.sec.gov/Archives/edgar/data/1045810/000104581023000017/nvda-20230129.htm,data/raw/sec_10k_html/top100/chunk_01/NVDA/2023_NVDA_10k.html,data/processed/sec_10k_text/top100/chunk_01/NVDA/2023_NVDA_10k.txt,45532,36,7.906527,primary_text_sample,TRUE,,,3674,Semiconductors & Related Devices,,,31-33,Manufacturing,sic_range_sector_crosswalk,success,,master_frame,TRUE,TRUE,TRUE,TRUE,86,8,0.093023,8,0.093023,0,0.0,61,0.709302,9,0.104651,8,0.093023,8,0.093023,0,0.0,61,0.709302,9,0.104651,17,0.197674,-0.511628,5,privacy_data_law_protection,business_product_service_revenue,cybersecurity_attacks_security_threats,ai_cloud_platform_infrastructure,ai_use_legal_regulatory_risk,3,ai_cloud_platform_infrastructure
16,Nvidia,NVDA,1045810,0001045810,2024,success,,10-K,2024-02-21,2024-01-28,0001045810-24-000029,nvda-20240128.htm,https://www.sec.gov/Archives/edgar/data/1045810/000104581024000029/,https://www.sec.gov/Archives/edgar/data/1045810/000104581024000029/nvda-20240128.htm,data/raw/sec_10k_html/top100/chunk_01/NVDA/2024_NVDA_10k.html,data/processed/sec_10k_text/top100/chunk_01/NVDA/2024_NVDA_10k.txt,48753,42,8.614854,primary_text_sample,TRUE,,,3674,Semiconductors & Related Devices,,,31-33,Manufacturing,sic_range_sector_crosswalk,success,,master_frame,TRUE,TRUE,TRUE,TRUE,111,15,0.135135,9,0.081081,3,0.027027,70,0.630631,14,0.126126,15,0.135135,9,0.081081,3,0.027027,70,0.630631,14,0.126126,32,0.288288,-0.342342,5,privacy_data_law_protection,business_product_service_revenue,cybersecurity_attacks_security_threats,ai_cloud_platform_infrastructure,ai_use_legal_regulatory_risk,3,ai_cloud_platform_infrastructure
16,Nvidia,NVDA,1045810,0001045810,2025,success,,10-K,2025-02-26,2025-01-26,0001045810-25-000023,nvda-20250126.htm,https://www.sec.gov/Archives/edgar/data/1045810/000104581025000023/,https://www.sec.gov/Archives/edgar/data/1045810/000104581025000023/nvda-20250126.htm,data/raw/sec_10k_html/top100/chunk_01/NVDA/2025_NVDA_10k.html,data/processed/sec_10k_text/top100/chunk_01/NVDA/2025_NVDA_10k.txt,49925,34,6.810215,primary_text_sample,TRUE,,,3674,Semiconductors & Related Devices,,,31-33,Manufacturing,sic_range_sector_crosswalk,success,,master_frame,TRUE,TRUE,TRUE,TRUE,134,24,0.179104,13,0.097015,2,0.014925,73,0.544776,22,0.164179,24,0.179104,13,0.097015,2,0.014925,73,0.544776,22,0.164179,48,0.358208,-0.186567,5,privacy_data_law_protection,business_product_service_revenue,cybersecurity_attacks_security_threats,ai_cloud_platform_infrastructure,ai_use_legal_regulatory_risk,3,ai_cloud_platform_infrastructure
17,Meta Platforms,META,1326801,0001326801,2023,success,,10-K,2024-02-02,2023-12-31,0001326801-24-000012,meta-20231231.htm,https://www.sec.gov/Archives/edgar/data/1326801/000132680124000012/,https://www.sec.gov/Archives/edgar/data/1326801/000132680124000012/meta-20231231.htm,data/raw/sec_10k_html/major_missing/META/2023_META_10k.html,data/processed/sec_10k_text/major_missing/META/2023_META_10k.txt,72221,28,3.876989,primary_text_sample,TRUE,,,7370,"Services-Computer Programming, Data Processing, Etc.",,,51,Information,sic_exact_sector_override,success,,master_frame,TRUE,TRUE,TRUE,TRUE,53,10,0.188679,11,0.207547,0,0.0,9,0.169811,23,0.433962,10,0.188679,11,0.207547,0,0.0,9,0.169811,23,0.433962,33,0.622641,0.45283,5,privacy_data_law_protection,business_product_service_revenue,cybersecurity_attacks_security_threats,ai_cloud_platform_infrastructure,ai_use_legal_regulatory_risk,4,ai_use_legal_regulatory_risk
17,Meta Platforms,META,1326801,0001326801,2024,success,,10-K,2025-01-30,2024-12-31,0001326801-25-000017,meta-20241231.htm,https://www.sec.gov/Archives/edgar/data/1326801/000132680125000017/,https://www.sec.gov/Archives/edgar/data/1326801/000132680125000017/meta-20241231.htm,data/raw/sec_10k_html/top100/chunk_01/META/2024_META_10k.html,data/processed/sec_10k_text/top100/chunk_01/META/2024_META_10k.txt,73929,32,4.328477,primary_text_sample,TRUE,,,7370,"Services-Computer Programming, Data Processing, Etc.",,,51,Information,sic_exact_sector_override,success,,master_frame,TRUE,TRUE,TRUE,TRUE,69,14,0.202899,19,0.275362,0,0.0,12,0.173913,24,0.347826,14,0.202899,19,0.275362,0,0.0,12,0.173913,24,0.347826,38,0.550725,0.376812,5,privacy_data_law_protection,business_product_service_revenue,cybersecurity_attacks_security_threats,ai_cloud_platform_infrastructure,ai_use_legal_regulatory_risk,4,ai_use_legal_regulatory_risk
17,Meta Platforms,META,1326801,0001326801,2025,success,,10-K,2026-01-29,2025-12-31,0001628280-26-003942,meta-20251231.htm,https://www.sec.gov/Archives/edgar/data/1326801/000162828026003942/,https://www.sec.gov/Archives/edgar/data/1326801/000162828026003942/meta-20251231.htm,data/raw/sec_10k_html/top100/chunk_01/META/2025_META_10k.html,data/processed/sec_10k_text/top100/chunk_01/META/2025_META_10k.txt,76034,32,4.208644,primary_text_sample,TRUE,,,7370,"Services-Computer Programming, Data Processing, Etc.",,,51,Information,sic_exact_sector_override,success,,master_frame,TRUE,TRUE,TRUE,TRUE,109,17,0.155963,28,0.256881,3,0.027523,24,0.220183,37,0.33945,17,0.155963,28,0.256881,3,0.027523,24,0.220183,37,0.33945,57,0.522936,0.302752,5,privacy_data_law_protection,business_product_service_revenue,cybersecurity_attacks_security_threats,ai_cloud_platform_infrastructure,ai_use_legal_regulatory_risk,4,ai_use_legal_regulatory_risk
18,Elevance Health,ELV,1156039,0001156039,2023,success,,10-K,2024-02-21,2023-12-31,0001156039-24-000015,elv-20231231.htm,https://www.sec.gov/Archives/edgar/data/1156039/000115603924000015/,https://www.sec.gov/Archives/edgar/data/1156039/000115603924000015/elv-20231231.htm,data/raw/sec_10k_html/top100/chunk_01/ELV/2023_ELV_10k.html,data/processed/sec_10k_text/top100/chunk_01/ELV/2023_ELV_10k.txt,81522,2,0.245333,primary_text_sample,TRUE,,,6324,Hospital & Medical Service Plans,,,52,Finance and Insurance,sic_range_sector_crosswalk,success,,master_frame,TRUE,TRUE,TRUE,TRUE,2,1,0.5,0,0.0,0,0.0,1,0.5,0,0.0,1,0.5,0,0.0,0,0.0,1,0.5,0,0.0,1,0.5,0.0,5,privacy_data_law_protection,business_product_service_revenue,cybersecurity_attacks_security_threats,ai_cloud_platform_infrastructure,ai_use_legal_regulatory_risk,0,privacy_data_law_protection
18,Elevance Health,ELV,1156039,0001156039,2024,success,,10-K,2025-02-20,2024-12-31,0001156039-25-000010,elv-20241231.htm,https://www.sec.gov/Archives/edgar/data/1156039/000115603925000010/,https://www.sec.gov/Archives/edgar/data/1156039/000115603925000010/elv-20241231.htm,data/raw/sec_10k_html/top100/chunk_01/ELV/2024_ELV_10k.html,data/processed/sec_10k_text/top100/chunk_01/ELV/2024_ELV_10k.txt,83564,4,0.478675,primary_text_sample,TRUE,,,6324,Hospital & Medical Service Plans,,,52,Finance and Insurance,sic_range_sector_crosswalk,success,,master_frame,TRUE,TRUE,TRUE,TRUE,13,3,0.230769,0,0.0,2,0.153846,1,0.076923,7,0.538462,3,0.230769,0,0.0,2,0.153846,1,0.076923,7,0.538462,12,0.923077,0.846154,5,privacy_data_law_protection,business_product_service_revenue,cybersecurity_attacks_security_threats,ai_cloud_platform_infrastructure,ai_use_legal_regulatory_risk,4,ai_use_legal_regulatory_risk
18,Elevance Health,ELV,1156039,0001156039,2025,success,,10-K,2026-02-06,2025-12-31,0001156039-26-000013,elv-20251231.htm,https://www.sec.gov/Archives/edgar/data/1156039/000115603926000013/,https://www.sec.gov/Archives/edgar/data/1156039/000115603926000013/elv-20251231.htm,data/raw/sec_10k_html/top100/chunk_01/ELV/2025_ELV_10k.html,data/processed/sec_10k_text/top100/chunk_01/ELV/2025_ELV_10k.txt,80824,6,0.742354,primary_text_sample,TRUE,,,6324,Hospital & Medical Service Plans,,,52,Finance and Insurance,sic_range_sector_crosswalk,success,,master_frame,TRUE,TRUE,TRUE,TRUE,15,2,0.133333,0,0.0,2,0.133333,2,0.133333,9,0.6,2,0.133333,0,0.0,2,0.133333,2,0.133333,9,0.6,13,0.866666,0.733333,5,privacy_data_law_protection,business_product_service_revenue,cybersecurity_attacks_security_threats,ai_cloud_platform_infrastructure,ai_use_legal_regulatory_risk,4,ai_use_legal_regulatory_risk
19,Centene,CNC,1071739,0001071739,2023,success,,10-K,2024-02-20,2023-12-31,0001071739-24-000037,cnc-20231231.htm,https://www.sec.gov/Archives/edgar/data/1071739/000107173924000037/,https://www.sec.gov/Archives/edgar/data/1071739/000107173924000037/cnc-20231231.htm,data/raw/sec_10k_html/top100/chunk_01/CNC/2023_CNC_10k.html,data/processed/sec_10k_text/top100/chunk_01/CNC/2023_CNC_10k.txt,63157,1,0.158336,primary_text_sample,TRUE,,,6324,Hospital & Medical Service Plans,,,52,Finance and Insurance,sic_range_sector_crosswalk,success,,master_frame,TRUE,TRUE,TRUE,TRUE,1,0,0.0,0,0.0,1,1.0,0,0.0,0,0.0,0,0.0,0,0.0,1,1.0,0,0.0,0,0.0,1,1.0,1.0,5,privacy_data_law_protection,business_product_service_revenue,cybersecurity_attacks_security_threats,ai_cloud_platform_infrastructure,ai_use_legal_regulatory_risk,2,cybersecurity_attacks_security_threats
19,Centene,CNC,1071739,0001071739,2024,success,,10-K,2025-02-18,2024-12-31,0001071739-25-000027,cnc-20241231.htm,https://www.sec.gov/Archives/edgar/data/1071739/000107173925000027/,https://www.sec.gov/Archives/edgar/data/1071739/000107173925000027/cnc-20241231.htm,data/raw/sec_10k_html/top100/chunk_01/CNC/2024_CNC_10k.html,data/processed/sec_10k_text/top100/chunk_01/CNC/2024_CNC_10k.txt,62075,25,4.027386,primary_text_sample,TRUE,,,6324,Hospital & Medical Service Plans,,,52,Finance and Insurance,sic_range_sector_crosswalk,success,,master_frame,TRUE,TRUE,TRUE,TRUE,15,4,0.266667,2,0.133333,3,0.2,0,0.0,6,0.4,4,0.266667,2,0.133333,3,0.2,0,0.0,6,0.4,13,0.866667,0.866667,5,privacy_data_law_protection,business_product_service_revenue,cybersecurity_attacks_security_threats,ai_cloud_platform_infrastructure,ai_use_legal_regulatory_risk,4,ai_use_legal_regulatory_risk
19,Centene,CNC,1071739,0001071739,2025,success,,10-K,2026-02-17,2025-12-31,0001071739-26-000049,cnc-20251231.htm,https://www.sec.gov/Archives/edgar/data/1071739/000107173926000049/,https://www.sec.gov/Archives/edgar/data/1071739/000107173926000049/cnc-20251231.htm,data/raw/sec_10k_html/top100/chunk_01/CNC/2025_CNC_10k.html,data/processed/sec_10k_text/top100/chunk_01/CNC/2025_CNC_10k.txt,66845,28,4.188795,primary_text_sample,TRUE,,,6324,Hospital & Medical Service Plans,,,52,Finance and Insurance,sic_range_sector_crosswalk,success,,master_frame,TRUE,TRUE,TRUE,TRUE,20,6,0.3,1,0.05,3,0.15,1,0.05,9,0.45,6,0.3,1,0.05,3,0.15,1,0.05,9,0.45,18,0.9,0.85,5,privacy_data_law_protection,business_product_service_revenue,cybersecurity_attacks_security_threats,ai_cloud_platform_infrastructure,ai_use_legal_regulatory_risk,4,ai_use_legal_regulatory_risk
20,Bank of America,BAC,70858,0000070858,2023,success,,10-K,2024-02-20,2023-12-31,0000070858-24-000122,bac-20231231.htm,https://www.sec.gov/Archives/edgar/data/70858/000007085824000122/,https://www.sec.gov/Archives/edgar/data/70858/000007085824000122/bac-20231231.htm,data/raw/sec_10k_html/major_missing/BAC/2023_BAC_10k.html,data/processed/sec_10k_text/major_missing/BAC/2023_BAC_10k.txt,128312,14,1.09109,primary_text_sample,TRUE,,,6021,National Commercial Banks,,,52,Finance and Insurance,sic_range_sector_crosswalk,success,,master_frame,TRUE,TRUE,TRUE,TRUE,11,5,0.454545,2,0.181818,4,0.363636,0,0.0,0,0.0,5,0.454545,2,0.181818,4,0.363636,0,0.0,0,0.0,9,0.818181,0.818182,5,privacy_data_law_protection,business_product_service_revenue,cybersecurity_attacks_security_threats,ai_cloud_platform_infrastructure,ai_use_legal_regulatory_risk,0,privacy_data_law_protection
20,Bank of America,BAC,70858,0000070858,2024,success,,10-K,2025-02-25,2024-12-31,0000070858-25-000139,bac-20241231.htm,https://www.sec.gov/Archives/edgar/data/70858/000007085825000139/,https://www.sec.gov/Archives/edgar/data/70858/000007085825000139/bac-20241231.htm,data/raw/sec_10k_html/major_missing/BAC/2024_BAC_10k.html,data/processed/sec_10k_text/major_missing/BAC/2024_BAC_10k.txt,125904,25,1.98564,primary_text_sample,TRUE,,,6021,National Commercial Banks,,,52,Finance and Insurance,sic_range_sector_crosswalk,success,,master_frame,TRUE,TRUE,TRUE,TRUE,23,9,0.391304,7,0.304348,5,0.217391,0,0.0,2,0.086957,9,0.391304,7,0.304348,5,0.217391,0,0.0,2,0.086957,16,0.695652,0.695652,5,privacy_data_law_protection,business_product_service_revenue,cybersecurity_attacks_security_threats,ai_cloud_platform_infrastructure,ai_use_legal_regulatory_risk,0,privacy_data_law_protection
20,Bank of America,BAC,70858,0000070858,2025,success,,10-K,2026-02-25,2025-12-31,0000070858-26-000157,bac-20251231.htm,https://www.sec.gov/Archives/edgar/data/70858/000007085826000157/,https://www.sec.gov/Archives/edgar/data/70858/000007085826000157/bac-20251231.htm,data/raw/sec_10k_html/top100/chunk_01/BAC/2025_BAC_10k.html,data/processed/sec_10k_text/top100/chunk_01/BAC/2025_BAC_10k.txt,126023,6,0.476104,primary_text_sample,TRUE,,,6021,National Commercial Banks,,,52,Finance and Insurance,sic_range_sector_crosswalk,success,,master_frame,TRUE,TRUE,TRUE,TRUE,30,14,0.466667,4,0.133333,5,0.166667,0,0.0,7,0.233333,14,0.466667,4,0.133333,5,0.166667,0,0.0,7,0.233333,26,0.866667,0.866667,5,privacy_data_law_protection,business_product_service_revenue,cybersecurity_attacks_security_threats,ai_cloud_platform_infrastructure,ai_use_legal_regulatory_risk,0,privacy_data_law_protection
21,Chevron,CVX,93410,0000093410,2023,success,,10-K,2024-02-26,2023-12-31,0000093410-24-000013,cvx-20231231.htm,https://www.sec.gov/Archives/edgar/data/93410/000009341024000013/,https://www.sec.gov/Archives/edgar/data/93410/000009341024000013/cvx-20231231.htm,data/raw/sec_10k_html/top100/chunk_01/CVX/2023_CVX_10k.html,data/processed/sec_10k_text/top100/chunk_01/CVX/2023_CVX_10k.txt,65570,2,0.305018,primary_text_sample,TRUE,,,2911,Petroleum Refining,,,31-33,Manufacturing,sic_range_sector_crosswalk,success,,master_frame,TRUE,TRUE,TRUE,TRUE,2,0,0.0,1,0.5,0,0.0,1,0.5,0,0.0,0,0.0,1,0.5,0,0.0,1,0.5,0,0.0,0,0.0,-0.5,5,privacy_data_law_protection,business_product_service_revenue,cybersecurity_attacks_security_threats,ai_cloud_platform_infrastructure,ai_use_legal_regulatory_risk,1,business_product_service_revenue
21,Chevron,CVX,93410,0000093410,2024,success,,10-K,2025-02-21,2024-12-31,0000093410-25-000009,cvx-20241231.htm,https://www.sec.gov/Archives/edgar/data/93410/000009341025000009/,https://www.sec.gov/Archives/edgar/data/93410/000009341025000009/cvx-20241231.htm,data/raw/sec_10k_html/top100/chunk_01/CVX/2024_CVX_10k.html,data/processed/sec_10k_text/top100/chunk_01/CVX/2024_CVX_10k.txt,66027,2,0.302906,primary_text_sample,TRUE,,,2911,Petroleum Refining,,,31-33,Manufacturing,sic_range_sector_crosswalk,success,,master_frame,TRUE,TRUE,TRUE,TRUE,5,0,0.0,1,0.2,0,0.0,1,0.2,3,0.6,0,0.0,1,0.2,0,0.0,1,0.2,3,0.6,3,0.6,0.4,5,privacy_data_law_protection,business_product_service_revenue,cybersecurity_attacks_security_threats,ai_cloud_platform_infrastructure,ai_use_legal_regulatory_risk,4,ai_use_legal_regulatory_risk
21,Chevron,CVX,93410,0000093410,2025,success,,10-K,2026-02-24,2025-12-31,0000093410-26-000078,cvx-20251231.htm,https://www.sec.gov/Archives/edgar/data/93410/000009341026000078/,https://www.sec.gov/Archives/edgar/data/93410/000009341026000078/cvx-20251231.htm,data/raw/sec_10k_html/top100/chunk_01/CVX/2025_CVX_10k.html,data/processed/sec_10k_text/top100/chunk_01/CVX/2025_CVX_10k.txt,67497,4,0.592619,primary_text_sample,TRUE,,,2911,Petroleum Refining,,,31-33,Manufacturing,sic_range_sector_crosswalk,success,,master_frame,TRUE,TRUE,TRUE,TRUE,8,0,0.0,1,0.125,0,0.0,0,0.0,7,0.875,0,0.0,1,0.125,0,0.0,0,0.0,7,0.875,7,0.875,0.875,5,privacy_data_law_protection,business_product_service_revenue,cybersecurity_attacks_security_threats,ai_cloud_platform_infrastructure,ai_use_legal_regulatory_risk,4,ai_use_legal_regulatory_risk
22,Ford Motor,F,37996,0000037996,2023,success,,10-K,2024-02-07,2023-12-31,0000037996-24-000009,f-20231231.htm,https://www.sec.gov/Archives/edgar/data/37996/000003799624000009/,https://www.sec.gov/Archives/edgar/data/37996/000003799624000009/f-20231231.htm,data/raw/sec_10k_html/top100/chunk_01/F/2023_F_10k.html,data/processed/sec_10k_text/top100/chunk_01/F/2023_F_10k.txt,91833,6,0.65336,primary_text_sample,TRUE,,,3711,Motor Vehicles & Passenger Car Bodies,,,31-33,Manufacturing,sic_range_sector_crosswalk,success,,master_frame,TRUE,TRUE,TRUE,TRUE,14,5,0.357143,8,0.571429,0,0.0,1,0.071429,0,0.0,5,0.357143,8,0.571429,0,0.0,1,0.071429,0,0.0,5,0.357143,0.285714,5,privacy_data_law_protection,business_product_service_revenue,cybersecurity_attacks_security_threats,ai_cloud_platform_infrastructure,ai_use_legal_regulatory_risk,1,business_product_service_revenue
22,Ford Motor,F,37996,0000037996,2024,success,,10-K,2025-02-06,2024-12-31,0000037996-25-000013,f-20241231.htm,https://www.sec.gov/Archives/edgar/data/37996/000003799625000013/,https://www.sec.gov/Archives/edgar/data/37996/000003799625000013/f-20241231.htm,data/raw/sec_10k_html/top100/chunk_01/F/2024_F_10k.html,data/processed/sec_10k_text/top100/chunk_01/F/2024_F_10k.txt,94046,8,0.850648,primary_text_sample,TRUE,,,3711,Motor Vehicles & Passenger Car Bodies,,,31-33,Manufacturing,sic_range_sector_crosswalk,success,,master_frame,TRUE,TRUE,TRUE,TRUE,15,5,0.333333,9,0.6,0,0.0,0,0.0,1,0.066667,5,0.333333,9,0.6,0,0.0,0,0.0,1,0.066667,6,0.4,0.4,5,privacy_data_law_protection,business_product_service_revenue,cybersecurity_attacks_security_threats,ai_cloud_platform_infrastructure,ai_use_legal_regulatory_risk,1,business_product_service_revenue
22,Ford Motor,F,37996,0000037996,2025,success,,10-K,2026-02-11,2025-12-31,0000037996-26-000015,f-20251231.htm,https://www.sec.gov/Archives/edgar/data/37996/000003799626000015/,https://www.sec.gov/Archives/edgar/data/37996/000003799626000015/f-20251231.htm,data/raw/sec_10k_html/top100/chunk_01/F/2025_F_10k.html,data/processed/sec_10k_text/top100/chunk_01/F/2025_F_10k.txt,94615,7,0.73984,primary_text_sample,TRUE,,,3711,Motor Vehicles & Passenger Car Bodies,,,31-33,Manufacturing,sic_range_sector_crosswalk,success,,master_frame,TRUE,TRUE,TRUE,TRUE,7,5,0.714286,1,0.142857,0,0.0,0,0.0,1,0.142857,5,0.714286,1,0.142857,0,0.0,0,0.0,1,0.142857,6,0.857143,0.857143,5,privacy_data_law_protection,business_product_service_revenue,cybersecurity_attacks_security_threats,ai_cloud_platform_infrastructure,ai_use_legal_regulatory_risk,0,privacy_data_law_protection
23,General Motors,GM,1467858,0001467858,2024,success,,10-K,2025-01-28,2024-12-31,0001467858-25-000032,gm-20241231.htm,https://www.sec.gov/Archives/edgar/data/1467858/000146785825000032/,https://www.sec.gov/Archives/edgar/data/1467858/000146785825000032/gm-20241231.htm,data/raw/sec_10k_html/top100/chunk_01/GM/2024_GM_10k.html,data/processed/sec_10k_text/top100/chunk_01/GM/2024_GM_10k.txt,64195,5,0.778877,primary_text_sample,TRUE,,,3711,Motor Vehicles & Passenger Car Bodies,,,31-33,Manufacturing,sic_range_sector_crosswalk,success,,master_frame,TRUE,TRUE,TRUE,TRUE,3,0,0.0,2,0.666667,1,0.333333,0,0.0,0,0.0,0,0.0,2,0.666667,1,0.333333,0,0.0,0,0.0,1,0.333333,0.333333,5,privacy_data_law_protection,business_product_service_revenue,cybersecurity_attacks_security_threats,ai_cloud_platform_infrastructure,ai_use_legal_regulatory_risk,1,business_product_service_revenue
23,General Motors,GM,1467858,0001467858,2025,success,,10-K,2026-01-27,2025-12-31,0001467858-26-000013,gm-20251231.htm,https://www.sec.gov/Archives/edgar/data/1467858/000146785826000013/,https://www.sec.gov/Archives/edgar/data/1467858/000146785826000013/gm-20251231.htm,data/raw/sec_10k_html/top100/chunk_01/GM/2025_GM_10k.html,data/processed/sec_10k_text/top100/chunk_01/GM/2025_GM_10k.txt,64475,4,0.620396,primary_text_sample,TRUE,,,3711,Motor Vehicles & Passenger Car Bodies,,,31-33,Manufacturing,sic_range_sector_crosswalk,success,,master_frame,TRUE,TRUE,TRUE,TRUE,11,4,0.363636,2,0.181818,2,0.181818,2,0.181818,1,0.090909,4,0.363636,2,0.181818,2,0.181818,2,0.181818,1,0.090909,7,0.636363,0.454545,5,privacy_data_law_protection,business_product_service_revenue,cybersecurity_attacks_security_threats,ai_cloud_platform_infrastructure,ai_use_legal_regulatory_risk,0,privacy_data_law_protection
24,Citigroup,C,831001,0000831001,2023,success,,10-K,2024-02-23,2023-12-31,0000831001-24-000033,c-20231231.htm,https://www.sec.gov/Archives/edgar/data/831001/000083100124000033/,https://www.sec.gov/Archives/edgar/data/831001/000083100124000033/c-20231231.htm,data/raw/sec_10k_html/major_missing/C/2023_C_10k.html,data/processed/sec_10k_text/major_missing/C/2023_C_10k.txt,178610,4,0.223952,primary_text_sample,TRUE,,,6021,National Commercial Banks,,,52,Finance and Insurance,sic_range_sector_crosswalk,success,,master_frame,TRUE,TRUE,TRUE,TRUE,4,0,0.0,0,0.0,2,0.5,0,0.0,2,0.5,0,0.0,0,0.0,2,0.5,0,0.0,2,0.5,4,1.0,1.0,5,privacy_data_law_protection,business_product_service_revenue,cybersecurity_attacks_security_threats,ai_cloud_platform_infrastructure,ai_use_legal_regulatory_risk,2,cybersecurity_attacks_security_threats
24,Citigroup,C,831001,0000831001,2024,success,,10-K,2025-02-21,2024-12-31,0000831001-25-000067,c-20241231.htm,https://www.sec.gov/Archives/edgar/data/831001/000083100125000067/,https://www.sec.gov/Archives/edgar/data/831001/000083100125000067/c-20241231.htm,data/raw/sec_10k_html/major_missing/C/2024_C_10k.html,data/processed/sec_10k_text/major_missing/C/2024_C_10k.txt,178785,10,0.559331,primary_text_sample,TRUE,,,6021,National Commercial Banks,,,52,Finance and Insurance,sic_range_sector_crosswalk,success,,master_frame,TRUE,TRUE,TRUE,TRUE,13,0,0.0,4,0.307692,3,0.230769,1,0.076923,5,0.384615,0,0.0,4,0.307692,3,0.230769,1,0.076923,5,0.384615,8,0.615384,0.538462,5,privacy_data_law_protection,business_product_service_revenue,cybersecurity_attacks_security_threats,ai_cloud_platform_infrastructure,ai_use_legal_regulatory_risk,4,ai_use_legal_regulatory_risk
24,Citigroup,C,831001,0000831001,2025,success,,10-K,2026-02-20,2025-12-31,0000831001-26-000011,c-20251231.htm,https://www.sec.gov/Archives/edgar/data/831001/000083100126000011/,https://www.sec.gov/Archives/edgar/data/831001/000083100126000011/c-20251231.htm,data/raw/sec_10k_html/top100/chunk_01/C/2025_C_10k.html,data/processed/sec_10k_text/top100/chunk_01/C/2025_C_10k.txt,166879,12,0.719084,primary_text_sample,TRUE,,,6021,National Commercial Banks,,,52,Finance and Insurance,sic_range_sector_crosswalk,success,,master_frame,TRUE,TRUE,TRUE,TRUE,24,2,0.083333,8,0.333333,5,0.208333,0,0.0,9,0.375,2,0.083333,8,0.333333,5,0.208333,0,0.0,9,0.375,16,0.666666,0.666667,5,privacy_data_law_protection,business_product_service_revenue,cybersecurity_attacks_security_threats,ai_cloud_platform_infrastructure,ai_use_legal_regulatory_risk,4,ai_use_legal_regulatory_risk
25,Home Depot,HD,354950,0000354950,2023,success,,10-K,2023-03-15,2023-01-29,0000354950-23-000059,hd-20230129.htm,https://www.sec.gov/Archives/edgar/data/354950/000035495023000059/,https://www.sec.gov/Archives/edgar/data/354950/000035495023000059/hd-20230129.htm,data/raw/sec_10k_html/top100/chunk_01/HD/2023_HD_10k.html,data/processed/sec_10k_text/top100/chunk_01/HD/2023_HD_10k.txt,40395,1,0.247555,primary_text_sample,TRUE,,,5211,Retail-Lumber & Other Building Materials Dealers,,,44-45,Retail Trade,sic_range_sector_crosswalk,success,,master_frame,TRUE,TRUE,TRUE,TRUE,1,0,0.0,0,0.0,0,0.0,1,1.0,0,0.0,0,0.0,0,0.0,0,0.0,1,1.0,0,0.0,0,0.0,-1.0,5,privacy_data_law_protection,business_product_service_revenue,cybersecurity_attacks_security_threats,ai_cloud_platform_infrastructure,ai_use_legal_regulatory_risk,3,ai_cloud_platform_infrastructure
25,Home Depot,HD,354950,0000354950,2024,success,,10-K,2024-03-13,2024-01-28,0000354950-24-000062,hd-20240128.htm,https://www.sec.gov/Archives/edgar/data/354950/000035495024000062/,https://www.sec.gov/Archives/edgar/data/354950/000035495024000062/hd-20240128.htm,data/raw/sec_10k_html/top100/chunk_01/HD/2024_HD_10k.html,data/processed/sec_10k_text/top100/chunk_01/HD/2024_HD_10k.txt,42033,4,0.951633,primary_text_sample,TRUE,,,5211,Retail-Lumber & Other Building Materials Dealers,,,44-45,Retail Trade,sic_range_sector_crosswalk,success,,master_frame,TRUE,TRUE,TRUE,TRUE,4,1,0.25,3,0.75,0,0.0,0,0.0,0,0.0,1,0.25,3,0.75,0,0.0,0,0.0,0,0.0,1,0.25,0.25,5,privacy_data_law_protection,business_product_service_revenue,cybersecurity_attacks_security_threats,ai_cloud_platform_infrastructure,ai_use_legal_regulatory_risk,1,business_product_service_revenue
25,Home Depot,HD,354950,0000354950,2025,success,,10-K,2025-03-21,2025-02-02,0000354950-25-000085,hd-20250202.htm,https://www.sec.gov/Archives/edgar/data/354950/000035495025000085/,https://www.sec.gov/Archives/edgar/data/354950/000035495025000085/hd-20250202.htm,data/raw/sec_10k_html/top100/chunk_01/HD/2025_HD_10k.html,data/processed/sec_10k_text/top100/chunk_01/HD/2025_HD_10k.txt,45898,6,1.307247,primary_text_sample,TRUE,,,5211,Retail-Lumber & Other Building Materials Dealers,,,44-45,Retail Trade,sic_range_sector_crosswalk,success,,master_frame,TRUE,TRUE,TRUE,TRUE,5,2,0.4,2,0.4,0,0.0,0,0.0,1,0.2,2,0.4,2,0.4,0,0.0,0,0.0,1,0.2,3,0.6,0.6,5,privacy_data_law_protection,business_product_service_revenue,cybersecurity_attacks_security_threats,ai_cloud_platform_infrastructure,ai_use_legal_regulatory_risk,0,privacy_data_law_protection
26,Fannie Mae,FNMA,310522,0000310522,2023,success,,10-K,2024-02-15,2023-12-31,0000310522-24-000184,fnm-20231231.htm,https://www.sec.gov/Archives/edgar/data/310522/000031052224000184/,https://www.sec.gov/Archives/edgar/data/310522/000031052224000184/fnm-20231231.htm,data/raw/sec_10k_html/top100/chunk_02/FNMA/2023_FNMA_10k.html,data/processed/sec_10k_text/top100/chunk_02/FNMA/2023_FNMA_10k.txt,165518,25,1.51041,primary_text_sample,TRUE,,,6111,Federal & Federally-Sponsored Credit Agencies,,,52,Finance and Insurance,sic_range_sector_crosswalk,success,,master_frame,TRUE,TRUE,TRUE,TRUE,15,1,0.066667,3,0.2,2,0.133333,1,0.066667,8,0.533333,1,0.066667,3,0.2,2,0.133333,1,0.066667,8,0.533333,11,0.733333,0.666667,5,privacy_data_law_protection,business_product_service_revenue,cybersecurity_attacks_security_threats,ai_cloud_platform_infrastructure,ai_use_legal_regulatory_risk,4,ai_use_legal_regulatory_risk
26,Fannie Mae,FNMA,310522,0000310522,2024,success,,10-K,2025-02-14,2024-12-31,0000310522-25-000199,fnm-20241231.htm,https://www.sec.gov/Archives/edgar/data/310522/000031052225000199/,https://www.sec.gov/Archives/edgar/data/310522/000031052225000199/fnm-20241231.htm,data/raw/sec_10k_html/top100/chunk_02/FNMA/2024_FNMA_10k.html,data/processed/sec_10k_text/top100/chunk_02/FNMA/2024_FNMA_10k.txt,159926,34,2.125983,primary_text_sample,TRUE,,,6111,Federal & Federally-Sponsored Credit Agencies,,,52,Finance and Insurance,sic_range_sector_crosswalk,success,,master_frame,TRUE,TRUE,TRUE,TRUE,21,1,0.047619,5,0.238095,2,0.095238,1,0.047619,12,0.571429,1,0.047619,5,0.238095,2,0.095238,1,0.047619,12,0.571429,15,0.714286,0.666667,5,privacy_data_law_protection,business_product_service_revenue,cybersecurity_attacks_security_threats,ai_cloud_platform_infrastructure,ai_use_legal_regulatory_risk,4,ai_use_legal_regulatory_risk
26,Fannie Mae,FNMA,310522,0000310522,2025,success,,10-K,2026-02-11,2025-12-31,0000310522-26-000015,fnm-20251231.htm,https://www.sec.gov/Archives/edgar/data/310522/000031052226000015/,https://www.sec.gov/Archives/edgar/data/310522/000031052226000015/fnm-20251231.htm,data/raw/sec_10k_html/top100/chunk_02/FNMA/2025_FNMA_10k.html,data/processed/sec_10k_text/top100/chunk_02/FNMA/2025_FNMA_10k.txt,156047,34,2.178831,primary_text_sample,TRUE,,,6111,Federal & Federally-Sponsored Credit Agencies,,,52,Finance and Insurance,sic_range_sector_crosswalk,success,,master_frame,TRUE,TRUE,TRUE,TRUE,28,3,0.107143,2,0.071429,3,0.107143,4,0.142857,16,0.571429,3,0.107143,2,0.071429,3,0.107143,4,0.142857,16,0.571429,22,0.785715,0.642857,5,privacy_data_law_protection,business_product_service_revenue,cybersecurity_attacks_security_threats,ai_cloud_platform_infrastructure,ai_use_legal_regulatory_risk,4,ai_use_legal_regulatory_risk
27,Kroger,KR,56873,0000056873,2024,success,,10-K,2024-04-02,2024-02-03,0001558370-24-004603,kr-20240203x10k.htm,https://www.sec.gov/Archives/edgar/data/56873/000155837024004603/,https://www.sec.gov/Archives/edgar/data/56873/000155837024004603/kr-20240203x10k.htm,data/raw/sec_10k_html/top100/chunk_02/KR/2024_KR_10k.html,data/processed/sec_10k_text/top100/chunk_02/KR/2024_KR_10k.txt,50266,0,0.0,primary_text_sample,TRUE,,,5411,Retail-Grocery Stores,,,44-45,Retail Trade,sic_range_sector_crosswalk,success,,master_frame,TRUE,TRUE,TRUE,TRUE,1,0,0.0,0,0.0,1,1.0,0,0.0,0,0.0,0,0.0,0,0.0,1,1.0,0,0.0,0,0.0,1,1.0,1.0,5,privacy_data_law_protection,business_product_service_revenue,cybersecurity_attacks_security_threats,ai_cloud_platform_infrastructure,ai_use_legal_regulatory_risk,2,cybersecurity_attacks_security_threats
27,Kroger,KR,56873,0000056873,2025,success,,10-K,2025-04-01,2025-02-01,0001558370-25-004267,kr-20250201x10k.htm,https://www.sec.gov/Archives/edgar/data/56873/000155837025004267/,https://www.sec.gov/Archives/edgar/data/56873/000155837025004267/kr-20250201x10k.htm,data/raw/sec_10k_html/top100/chunk_02/KR/2025_KR_10k.html,data/processed/sec_10k_text/top100/chunk_02/KR/2025_KR_10k.txt,52058,3,0.57628,primary_text_sample,TRUE,,,5411,Retail-Grocery Stores,,,44-45,Retail Trade,sic_range_sector_crosswalk,success,,master_frame,TRUE,TRUE,TRUE,TRUE,6,0,0.0,1,0.166667,2,0.333333,0,0.0,3,0.5,0,0.0,1,0.166667,2,0.333333,0,0.0,3,0.5,5,0.833333,0.833333,5,privacy_data_law_protection,business_product_service_revenue,cybersecurity_attacks_security_threats,ai_cloud_platform_infrastructure,ai_use_legal_regulatory_risk,4,ai_use_legal_regulatory_risk
28,Verizon Communications,VZ,732712,0000732712,2023,success,,10-K,2024-02-09,2023-12-31,0000732712-24-000010,vz-20231231.htm,https://www.sec.gov/Archives/edgar/data/732712/000073271224000010/,https://www.sec.gov/Archives/edgar/data/732712/000073271224000010/vz-20231231.htm,data/raw/sec_10k_html/top100/chunk_02/VZ/2023_VZ_10k.html,data/processed/sec_10k_text/top100/chunk_02/VZ/2023_VZ_10k.txt,66036,4,0.60573,primary_text_sample,TRUE,,,4813,Telephone Communications (No Radiotelephone),,,51,Information,sic_exact_sector_override,success,,master_frame,TRUE,TRUE,TRUE,TRUE,3,1,0.333333,1,0.333333,0,0.0,0,0.0,1,0.333333,1,0.333333,1,0.333333,0,0.0,0,0.0,1,0.333333,2,0.666666,0.666667,5,privacy_data_law_protection,business_product_service_revenue,cybersecurity_attacks_security_threats,ai_cloud_platform_infrastructure,ai_use_legal_regulatory_risk,0,privacy_data_law_protection
28,Verizon Communications,VZ,732712,0000732712,2024,success,,10-K,2025-02-12,2024-12-31,0000732712-25-000006,vz-20241231.htm,https://www.sec.gov/Archives/edgar/data/732712/000073271225000006/,https://www.sec.gov/Archives/edgar/data/732712/000073271225000006/vz-20241231.htm,data/raw/sec_10k_html/top100/chunk_02/VZ/2024_VZ_10k.html,data/processed/sec_10k_text/top100/chunk_02/VZ/2024_VZ_10k.txt,66825,6,0.897868,primary_text_sample,TRUE,,,4813,Telephone Communications (No Radiotelephone),,,51,Information,sic_exact_sector_override,success,,master_frame,TRUE,TRUE,TRUE,TRUE,10,2,0.2,2,0.2,1,0.1,0,0.0,5,0.5,2,0.2,2,0.2,1,0.1,0,0.0,5,0.5,8,0.8,0.8,5,privacy_data_law_protection,business_product_service_revenue,cybersecurity_attacks_security_threats,ai_cloud_platform_infrastructure,ai_use_legal_regulatory_risk,4,ai_use_legal_regulatory_risk
28,Verizon Communications,VZ,732712,0000732712,2025,success,,10-K,2026-02-17,2025-12-31,0000732712-26-000007,vz-20251231.htm,https://www.sec.gov/Archives/edgar/data/732712/000073271226000007/,https://www.sec.gov/Archives/edgar/data/732712/000073271226000007/vz-20251231.htm,data/raw/sec_10k_html/top100/chunk_02/VZ/2025_VZ_10k.html,data/processed/sec_10k_text/top100/chunk_02/VZ/2025_VZ_10k.txt,65049,8,1.229842,primary_text_sample,TRUE,,,4813,Telephone Communications (No Radiotelephone),,,51,Information,sic_exact_sector_override,success,,master_frame,TRUE,TRUE,TRUE,TRUE,18,2,0.111111,5,0.277778,1,0.055556,4,0.222222,6,0.333333,2,0.111111,5,0.277778,1,0.055556,4,0.222222,6,0.333333,9,0.5,0.277778,5,privacy_data_law_protection,business_product_service_revenue,cybersecurity_attacks_security_threats,ai_cloud_platform_infrastructure,ai_use_legal_regulatory_risk,4,ai_use_legal_regulatory_risk
29,Phillips 66,PSX,1534701,0001534701,2024,success,,10-K,2025-02-21,2024-12-31,0001534701-25-000074,psx-20241231.htm,https://www.sec.gov/Archives/edgar/data/1534701/000153470125000074/,https://www.sec.gov/Archives/edgar/data/1534701/000153470125000074/psx-20241231.htm,data/raw/sec_10k_html/top100/chunk_02/PSX/2024_PSX_10k.html,data/processed/sec_10k_text/top100/chunk_02/PSX/2024_PSX_10k.txt,76901,2,0.260075,primary_text_sample,TRUE,,,2911,Petroleum Refining,,,31-33,Manufacturing,sic_range_sector_crosswalk,success,,master_frame,TRUE,TRUE,TRUE,TRUE,2,0,0.0,1,0.5,1,0.5,0,0.0,0,0.0,0,0.0,1,0.5,1,0.5,0,0.0,0,0.0,1,0.5,0.5,5,privacy_data_law_protection,business_product_service_revenue,cybersecurity_attacks_security_threats,ai_cloud_platform_infrastructure,ai_use_legal_regulatory_risk,1,business_product_service_revenue
29,Phillips 66,PSX,1534701,0001534701,2025,success,,10-K,2026-02-20,2025-12-31,0001534701-26-000006,psx-20251231.htm,https://www.sec.gov/Archives/edgar/data/1534701/000153470126000006/,https://www.sec.gov/Archives/edgar/data/1534701/000153470126000006/psx-20251231.htm,data/raw/sec_10k_html/top100/chunk_02/PSX/2025_PSX_10k.html,data/processed/sec_10k_text/top100/chunk_02/PSX/2025_PSX_10k.txt,76503,2,0.261428,primary_text_sample,TRUE,,,2911,Petroleum Refining,,,31-33,Manufacturing,sic_range_sector_crosswalk,success,,master_frame,TRUE,TRUE,TRUE,TRUE,2,0,0.0,1,0.5,1,0.5,0,0.0,0,0.0,0,0.0,1,0.5,1,0.5,0,0.0,0,0.0,1,0.5,0.5,5,privacy_data_law_protection,business_product_service_revenue,cybersecurity_attacks_security_threats,ai_cloud_platform_infrastructure,ai_use_legal_regulatory_risk,1,business_product_service_revenue
30,Marathon Petroleum,MPC,1510295,0001510295,2023,success,,10-K,2024-02-28,2023-12-31,0001510295-24-000015,mpc-20231231.htm,https://www.sec.gov/Archives/edgar/data/1510295/000151029524000015/,https://www.sec.gov/Archives/edgar/data/1510295/000151029524000015/mpc-20231231.htm,data/raw/sec_10k_html/top100/chunk_02/MPC/2023_MPC_10k.html,data/processed/sec_10k_text/top100/chunk_02/MPC/2023_MPC_10k.txt,71267,2,0.280635,primary_text_sample,TRUE,,,2911,Petroleum Refining,,,31-33,Manufacturing,sic_range_sector_crosswalk,success,,master_frame,TRUE,TRUE,TRUE,TRUE,2,0,0.0,1,0.5,1,0.5,0,0.0,0,0.0,0,0.0,1,0.5,1,0.5,0,0.0,0,0.0,1,0.5,0.5,5,privacy_data_law_protection,business_product_service_revenue,cybersecurity_attacks_security_threats,ai_cloud_platform_infrastructure,ai_use_legal_regulatory_risk,1,business_product_service_revenue
30,Marathon Petroleum,MPC,1510295,0001510295,2024,success,,10-K,2025-02-27,2024-12-31,0001510295-25-000012,mpc-20241231.htm,https://www.sec.gov/Archives/edgar/data/1510295/000151029525000012/,https://www.sec.gov/Archives/edgar/data/1510295/000151029525000012/mpc-20241231.htm,data/raw/sec_10k_html/top100/chunk_02/MPC/2024_MPC_10k.html,data/processed/sec_10k_text/top100/chunk_02/MPC/2024_MPC_10k.txt,74306,3,0.403736,primary_text_sample,TRUE,,,2911,Petroleum Refining,,,31-33,Manufacturing,sic_range_sector_crosswalk,success,,master_frame,TRUE,TRUE,TRUE,TRUE,5,0,0.0,0,0.0,1,0.2,0,0.0,4,0.8,0,0.0,0,0.0,1,0.2,0,0.0,4,0.8,5,1.0,1.0,5,privacy_data_law_protection,business_product_service_revenue,cybersecurity_attacks_security_threats,ai_cloud_platform_infrastructure,ai_use_legal_regulatory_risk,4,ai_use_legal_regulatory_risk
30,Marathon Petroleum,MPC,1510295,0001510295,2025,success,,10-K,2026-02-26,2025-12-31,0001510295-26-000009,mpc-20251231.htm,https://www.sec.gov/Archives/edgar/data/1510295/000151029526000009/,https://www.sec.gov/Archives/edgar/data/1510295/000151029526000009/mpc-20251231.htm,data/raw/sec_10k_html/top100/chunk_02/MPC/2025_MPC_10k.html,data/processed/sec_10k_text/top100/chunk_02/MPC/2025_MPC_10k.txt,75231,3,0.398772,primary_text_sample,TRUE,,,2911,Petroleum Refining,,,31-33,Manufacturing,sic_range_sector_crosswalk,success,,master_frame,TRUE,TRUE,TRUE,TRUE,5,0,0.0,0,0.0,1,0.2,0,0.0,4,0.8,0,0.0,0,0.0,1,0.2,0,0.0,4,0.8,5,1.0,1.0,5,privacy_data_law_protection,business_product_service_revenue,cybersecurity_attacks_security_threats,ai_cloud_platform_infrastructure,ai_use_legal_regulatory_risk,4,ai_use_legal_regulatory_risk
33,Freddie Mac,FMCC,1026214,0001026214,2023,success,,10-K,2024-02-14,2023-12-31,0001026214-24-000025,fmcc-20231231.htm,https://www.sec.gov/Archives/edgar/data/1026214/000102621424000025/,https://www.sec.gov/Archives/edgar/data/1026214/000102621424000025/fmcc-20231231.htm,data/raw/sec_10k_html/top100/chunk_02/FMCC/2023_FMCC_10k.html,data/processed/sec_10k_text/top100/chunk_02/FMCC/2023_FMCC_10k.txt,149738,3,0.20035,primary_text_sample,TRUE,,,6111,Federal & Federally-Sponsored Credit Agencies,,,52,Finance and Insurance,sic_range_sector_crosswalk,success,,master_frame,TRUE,TRUE,TRUE,TRUE,15,2,0.133333,2,0.133333,2,0.133333,0,0.0,9,0.6,2,0.133333,2,0.133333,2,0.133333,0,0.0,9,0.6,13,0.866666,0.866667,5,privacy_data_law_protection,business_product_service_revenue,cybersecurity_attacks_security_threats,ai_cloud_platform_infrastructure,ai_use_legal_regulatory_risk,4,ai_use_legal_regulatory_risk
33,Freddie Mac,FMCC,1026214,0001026214,2024,success,,10-K,2025-02-13,2024-12-31,0001026214-25-000040,fmcc-20241231.htm,https://www.sec.gov/Archives/edgar/data/1026214/000102621425000040/,https://www.sec.gov/Archives/edgar/data/1026214/000102621425000040/fmcc-20241231.htm,data/raw/sec_10k_html/top100/chunk_02/FMCC/2024_FMCC_10k.html,data/processed/sec_10k_text/top100/chunk_02/FMCC/2024_FMCC_10k.txt,148862,22,1.477879,primary_text_sample,TRUE,,,6111,Federal & Federally-Sponsored Credit Agencies,,,52,Finance and Insurance,sic_range_sector_crosswalk,success,,master_frame,TRUE,TRUE,TRUE,TRUE,18,3,0.166667,2,0.111111,2,0.111111,0,0.0,11,0.611111,3,0.166667,2,0.111111,2,0.111111,0,0.0,11,0.611111,16,0.888889,0.888889,5,privacy_data_law_protection,business_product_service_revenue,cybersecurity_attacks_security_threats,ai_cloud_platform_infrastructure,ai_use_legal_regulatory_risk,4,ai_use_legal_regulatory_risk
33,Freddie Mac,FMCC,1026214,0001026214,2025,success,,10-K,2026-02-12,2025-12-31,0001026214-26-000021,fmcc-20251231.htm,https://www.sec.gov/Archives/edgar/data/1026214/000102621426000021/,https://www.sec.gov/Archives/edgar/data/1026214/000102621426000021/fmcc-20251231.htm,data/raw/sec_10k_html/top100/chunk_02/FMCC/2025_FMCC_10k.html,data/processed/sec_10k_text/top100/chunk_02/FMCC/2025_FMCC_10k.txt,142249,3,0.210898,primary_text_sample,TRUE,,,6111,Federal & Federally-Sponsored Credit Agencies,,,52,Finance and Insurance,sic_range_sector_crosswalk,success,,master_frame,TRUE,TRUE,TRUE,TRUE,19,2,0.105263,3,0.157895,2,0.105263,1,0.052632,11,0.578947,2,0.105263,3,0.157895,2,0.105263,1,0.052632,11,0.578947,15,0.789473,0.736842,5,privacy_data_law_protection,business_product_service_revenue,cybersecurity_attacks_security_threats,ai_cloud_platform_infrastructure,ai_use_legal_regulatory_risk,4,ai_use_legal_regulatory_risk
34,Humana,HUM,49071,0000049071,2024,success,,10-K,2025-02-20,2024-12-31,0000049071-25-000007,hum-20241231.htm,https://www.sec.gov/Archives/edgar/data/49071/000004907125000007/,https://www.sec.gov/Archives/edgar/data/49071/000004907125000007/hum-20241231.htm,data/raw/sec_10k_html/top100/chunk_02/HUM/2024_HUM_10k.html,data/processed/sec_10k_text/top100/chunk_02/HUM/2024_HUM_10k.txt,63163,4,0.633282,primary_text_sample,TRUE,,,6324,Hospital & Medical Service Plans,,,52,Finance and Insurance,sic_range_sector_crosswalk,success,,master_frame,TRUE,TRUE,TRUE,TRUE,3,0,0.0,0,0.0,1,0.333333,0,0.0,2,0.666667,0,0.0,0,0.0,1,0.333333,0,0.0,2,0.666667,3,1.0,1.0,5,privacy_data_law_protection,business_product_service_revenue,cybersecurity_attacks_security_threats,ai_cloud_platform_infrastructure,ai_use_legal_regulatory_risk,4,ai_use_legal_regulatory_risk
34,Humana,HUM,49071,0000049071,2025,success,,10-K,2026-02-19,2025-12-31,0000049071-26-000009,hum-20251231.htm,https://www.sec.gov/Archives/edgar/data/49071/000004907126000009/,https://www.sec.gov/Archives/edgar/data/49071/000004907126000009/hum-20251231.htm,data/raw/sec_10k_html/top100/chunk_02/HUM/2025_HUM_10k.html,data/processed/sec_10k_text/top100/chunk_02/HUM/2025_HUM_10k.txt,62683,4,0.638132,primary_text_sample,TRUE,,,6324,Hospital & Medical Service Plans,,,52,Finance and Insurance,sic_range_sector_crosswalk,success,,master_frame,TRUE,TRUE,TRUE,TRUE,6,2,0.333333,0,0.0,1,0.166667,0,0.0,3,0.5,2,0.333333,0,0.0,1,0.166667,0,0.0,3,0.5,6,1.0,1.0,5,privacy_data_law_protection,business_product_service_revenue,cybersecurity_attacks_security_threats,ai_cloud_platform_infrastructure,ai_use_legal_regulatory_risk,4,ai_use_legal_regulatory_risk
35,AT&T,T,732717,0000732717,2023,success,,10-K,2024-02-23,2023-12-31,0000732717-24-000009,t-20231231.htm,https://www.sec.gov/Archives/edgar/data/732717/000073271724000009/,https://www.sec.gov/Archives/edgar/data/732717/000073271724000009/t-20231231.htm,data/raw/sec_10k_html/top100/chunk_02/T/2023_T_10k.html,data/processed/sec_10k_text/top100/chunk_02/T/2023_T_10k.txt,56905,5,0.878657,primary_text_sample,TRUE,,,4813,Telephone Communications (No Radiotelephone),,,51,Information,sic_exact_sector_override,success,,master_frame,TRUE,TRUE,TRUE,TRUE,5,0,0.0,2,0.4,1,0.2,0,0.0,2,0.4,0,0.0,2,0.4,1,0.2,0,0.0,2,0.4,3,0.6,0.6,5,privacy_data_law_protection,business_product_service_revenue,cybersecurity_attacks_security_threats,ai_cloud_platform_infrastructure,ai_use_legal_regulatory_risk,1,business_product_service_revenue
35,AT&T,T,732717,0000732717,2024,success,,10-K,2025-02-12,2024-12-31,0000732717-25-000013,t-20241231.htm,https://www.sec.gov/Archives/edgar/data/732717/000073271725000013/,https://www.sec.gov/Archives/edgar/data/732717/000073271725000013/t-20241231.htm,data/raw/sec_10k_html/top100/chunk_02/T/2024_T_10k.html,data/processed/sec_10k_text/top100/chunk_02/T/2024_T_10k.txt,53722,7,1.303004,primary_text_sample,TRUE,,,4813,Telephone Communications (No Radiotelephone),,,51,Information,sic_exact_sector_override,success,,master_frame,TRUE,TRUE,TRUE,TRUE,7,0,0.0,2,0.285714,1,0.142857,2,0.285714,2,0.285714,0,0.0,2,0.285714,1,0.142857,2,0.285714,2,0.285714,3,0.428571,0.142857,5,privacy_data_law_protection,business_product_service_revenue,cybersecurity_attacks_security_threats,ai_cloud_platform_infrastructure,ai_use_legal_regulatory_risk,1,business_product_service_revenue
35,AT&T,T,732717,0000732717,2025,success,,10-K,2026-02-09,2025-12-31,0000732717-26-000120,t-20251231.htm,https://www.sec.gov/Archives/edgar/data/732717/000073271726000120/,https://www.sec.gov/Archives/edgar/data/732717/000073271726000120/t-20251231.htm,data/raw/sec_10k_html/top100/chunk_02/T/2025_T_10k.html,data/processed/sec_10k_text/top100/chunk_02/T/2025_T_10k.txt,52516,5,0.952091,primary_text_sample,TRUE,,,4813,Telephone Communications (No Radiotelephone),,,51,Information,sic_exact_sector_override,success,,master_frame,TRUE,TRUE,TRUE,TRUE,14,1,0.071429,4,0.285714,1,0.071429,4,0.285714,4,0.285714,1,0.071429,4,0.285714,1,0.071429,4,0.285714,4,0.285714,6,0.428572,0.142857,5,privacy_data_law_protection,business_product_service_revenue,cybersecurity_attacks_security_threats,ai_cloud_platform_infrastructure,ai_use_legal_regulatory_risk,1,business_product_service_revenue
36,Goldman Sachs Group,GS,886982,0000886982,2023,success,,10-K,2024-02-23,2023-12-31,0000886982-24-000006,gs-20231231.htm,https://www.sec.gov/Archives/edgar/data/886982/000088698224000006/,https://www.sec.gov/Archives/edgar/data/886982/000088698224000006/gs-20231231.htm,data/raw/sec_10k_html/major_missing/GS/2023_GS_10k.html,data/processed/sec_10k_text/major_missing/GS/2023_GS_10k.txt,162710,7,0.430213,primary_text_sample,TRUE,,,6211,"Security Brokers, Dealers & Flotation Companies",,,52,Finance and Insurance,sic_range_sector_crosswalk,success,,master_frame,TRUE,TRUE,TRUE,TRUE,19,3,0.157895,1,0.052632,6,0.315789,0,0.0,9,0.473684,3,0.157895,1,0.052632,6,0.315789,0,0.0,9,0.473684,18,0.947368,0.947368,5,privacy_data_law_protection,business_product_service_revenue,cybersecurity_attacks_security_threats,ai_cloud_platform_infrastructure,ai_use_legal_regulatory_risk,4,ai_use_legal_regulatory_risk
36,Goldman Sachs Group,GS,886982,0000886982,2024,success,,10-K,2025-02-27,2024-12-31,0000886982-25-000005,gs-20241231.htm,https://www.sec.gov/Archives/edgar/data/886982/000088698225000005/,https://www.sec.gov/Archives/edgar/data/886982/000088698225000005/gs-20241231.htm,data/raw/sec_10k_html/major_missing/GS/2024_GS_10k.html,data/processed/sec_10k_text/major_missing/GS/2024_GS_10k.txt,161723,11,0.680175,primary_text_sample,TRUE,,,6211,"Security Brokers, Dealers & Flotation Companies",,,52,Finance and Insurance,sic_range_sector_crosswalk,success,,master_frame,TRUE,TRUE,TRUE,TRUE,32,9,0.28125,5,0.15625,5,0.15625,0,0.0,13,0.40625,9,0.28125,5,0.15625,5,0.15625,0,0.0,13,0.40625,27,0.84375,0.84375,5,privacy_data_law_protection,business_product_service_revenue,cybersecurity_attacks_security_threats,ai_cloud_platform_infrastructure,ai_use_legal_regulatory_risk,4,ai_use_legal_regulatory_risk
36,Goldman Sachs Group,GS,886982,0000886982,2025,success,,10-K,2026-02-25,2025-12-31,0000886982-26-000091,gs-20251231.htm,https://www.sec.gov/Archives/edgar/data/886982/000088698226000091/,https://www.sec.gov/Archives/edgar/data/886982/000088698226000091/gs-20251231.htm,data/raw/sec_10k_html/top100/chunk_02/GS/2025_GS_10k.html,data/processed/sec_10k_text/top100/chunk_02/GS/2025_GS_10k.txt,158738,11,0.692966,primary_text_sample,TRUE,,,6211,"Security Brokers, Dealers & Flotation Companies",,,52,Finance and Insurance,sic_range_sector_crosswalk,success,,master_frame,TRUE,TRUE,TRUE,TRUE,38,7,0.184211,9,0.236842,4,0.105263,0,0.0,18,0.473684,7,0.184211,9,0.236842,4,0.105263,0,0.0,18,0.473684,29,0.763158,0.763158,5,privacy_data_law_protection,business_product_service_revenue,cybersecurity_attacks_security_threats,ai_cloud_platform_infrastructure,ai_use_legal_regulatory_risk,4,ai_use_legal_regulatory_risk
37,Comcast,CMCSA,1166691,0001166691,2023,success,,10-K,2024-01-31,2023-12-31,0001166691-24-000011,cmcsa-20231231.htm,https://www.sec.gov/Archives/edgar/data/1166691/000116669124000011/,https://www.sec.gov/Archives/edgar/data/1166691/000116669124000011/cmcsa-20231231.htm,data/raw/sec_10k_html/top100/chunk_02/CMCSA/2023_CMCSA_10k.html,data/processed/sec_10k_text/top100/chunk_02/CMCSA/2023_CMCSA_10k.txt,56981,3,0.526491,primary_text_sample,TRUE,,,4841,Cable & Other Pay Television Services,,,51,Information,sic_exact_sector_override,success,,master_frame,TRUE,TRUE,TRUE,TRUE,5,0,0.0,2,0.4,1,0.2,1,0.2,1,0.2,0,0.0,2,0.4,1,0.2,1,0.2,1,0.2,2,0.4,0.2,5,privacy_data_law_protection,business_product_service_revenue,cybersecurity_attacks_security_threats,ai_cloud_platform_infrastructure,ai_use_legal_regulatory_risk,1,business_product_service_revenue
37,Comcast,CMCSA,1166691,0001166691,2024,success,,10-K,2025-01-31,2024-12-31,0001166691-25-000011,cmcsa-20241231.htm,https://www.sec.gov/Archives/edgar/data/1166691/000116669125000011/,https://www.sec.gov/Archives/edgar/data/1166691/000116669125000011/cmcsa-20241231.htm,data/raw/sec_10k_html/top100/chunk_02/CMCSA/2024_CMCSA_10k.html,data/processed/sec_10k_text/top100/chunk_02/CMCSA/2024_CMCSA_10k.txt,54632,3,0.549129,primary_text_sample,TRUE,,,4841,Cable & Other Pay Television Services,,,51,Information,sic_exact_sector_override,success,,master_frame,TRUE,TRUE,TRUE,TRUE,8,1,0.125,3,0.375,1,0.125,1,0.125,2,0.25,1,0.125,3,0.375,1,0.125,1,0.125,2,0.25,4,0.5,0.375,5,privacy_data_law_protection,business_product_service_revenue,cybersecurity_attacks_security_threats,ai_cloud_platform_infrastructure,ai_use_legal_regulatory_risk,1,business_product_service_revenue
37,Comcast,CMCSA,1166691,0001166691,2025,success,,10-K,2026-02-03,2025-12-31,0001628280-26-004994,cmcsa-20251231.htm,https://www.sec.gov/Archives/edgar/data/1166691/000162828026004994/,https://www.sec.gov/Archives/edgar/data/1166691/000162828026004994/cmcsa-20251231.htm,data/raw/sec_10k_html/top100/chunk_02/CMCSA/2025_CMCSA_10k.html,data/processed/sec_10k_text/top100/chunk_02/CMCSA/2025_CMCSA_10k.txt,56482,4,0.70819,primary_text_sample,TRUE,,,4841,Cable & Other Pay Television Services,,,51,Information,sic_exact_sector_override,success,,master_frame,TRUE,TRUE,TRUE,TRUE,10,3,0.3,3,0.3,1,0.1,1,0.1,2,0.2,3,0.3,3,0.3,1,0.1,1,0.1,2,0.2,6,0.6,0.5,5,privacy_data_law_protection,business_product_service_revenue,cybersecurity_attacks_security_threats,ai_cloud_platform_infrastructure,ai_use_legal_regulatory_risk,0,privacy_data_law_protection
38,Wells Fargo,WFC,72971,0000072971,2025,success,,10-K,2026-02-24,2025-12-31,0000072971-26-000133,wfc-20251231_d2.htm,https://www.sec.gov/Archives/edgar/data/72971/000007297126000133/,https://www.sec.gov/Archives/edgar/data/72971/000007297126000133/wfc-20251231_d2.htm,data/raw/sec_10k_html/top100/chunk_02/WFC/2025_WFC_10k.html,data/processed/sec_10k_text/top100/chunk_02/WFC/2025_WFC_10k.txt,12916,1,0.774234,primary_text_sample,TRUE,,,6021,National Commercial Banks,,,52,Finance and Insurance,sic_range_sector_crosswalk,success,,master_frame,TRUE,TRUE,TRUE,TRUE,1,0,0.0,1,1.0,0,0.0,0,0.0,0,0.0,0,0.0,1,1.0,0,0.0,0,0.0,0,0.0,0,0.0,0.0,5,privacy_data_law_protection,business_product_service_revenue,cybersecurity_attacks_security_threats,ai_cloud_platform_infrastructure,ai_use_legal_regulatory_risk,1,business_product_service_revenue
39,Morgan Stanley,MS,895421,0000895421,2023,success,,10-K,2024-02-22,2023-12-31,0000895421-24-000300,ms-20231231.htm,https://www.sec.gov/Archives/edgar/data/895421/000089542124000300/,https://www.sec.gov/Archives/edgar/data/895421/000089542124000300/ms-20231231.htm,data/raw/sec_10k_html/major_missing/MS/2023_MS_10k.html,data/processed/sec_10k_text/major_missing/MS/2023_MS_10k.txt,110697,5,0.451683,primary_text_sample,TRUE,,,6211,"Security Brokers, Dealers & Flotation Companies",,,52,Finance and Insurance,sic_range_sector_crosswalk,success,,master_frame,TRUE,TRUE,TRUE,TRUE,5,0,0.0,2,0.4,3,0.6,0,0.0,0,0.0,0,0.0,2,0.4,3,0.6,0,0.0,0,0.0,3,0.6,0.6,5,privacy_data_law_protection,business_product_service_revenue,cybersecurity_attacks_security_threats,ai_cloud_platform_infrastructure,ai_use_legal_regulatory_risk,2,cybersecurity_attacks_security_threats
39,Morgan Stanley,MS,895421,0000895421,2024,success,,10-K,2025-02-21,2024-12-31,0000895421-25-000304,ms-20241231.htm,https://www.sec.gov/Archives/edgar/data/895421/000089542125000304/,https://www.sec.gov/Archives/edgar/data/895421/000089542125000304/ms-20241231.htm,data/raw/sec_10k_html/major_missing/MS/2024_MS_10k.html,data/processed/sec_10k_text/major_missing/MS/2024_MS_10k.txt,110706,5,0.451647,primary_text_sample,TRUE,,,6211,"Security Brokers, Dealers & Flotation Companies",,,52,Finance and Insurance,sic_range_sector_crosswalk,success,,master_frame,TRUE,TRUE,TRUE,TRUE,5,1,0.2,2,0.4,2,0.4,0,0.0,0,0.0,1,0.2,2,0.4,2,0.4,0,0.0,0,0.0,3,0.6,0.6,5,privacy_data_law_protection,business_product_service_revenue,cybersecurity_attacks_security_threats,ai_cloud_platform_infrastructure,ai_use_legal_regulatory_risk,1,business_product_service_revenue
39,Morgan Stanley,MS,895421,0000895421,2025,success,,10-K,2026-02-19,2025-12-31,0000895421-26-000086,ms-20251231.htm,https://www.sec.gov/Archives/edgar/data/895421/000089542126000086/,https://www.sec.gov/Archives/edgar/data/895421/000089542126000086/ms-20251231.htm,data/raw/sec_10k_html/top100/chunk_02/MS/2025_MS_10k.html,data/processed/sec_10k_text/top100/chunk_02/MS/2025_MS_10k.txt,110617,11,0.994422,primary_text_sample,TRUE,,,6211,"Security Brokers, Dealers & Flotation Companies",,,52,Finance and Insurance,sic_range_sector_crosswalk,success,,master_frame,TRUE,TRUE,TRUE,TRUE,11,3,0.272727,4,0.363636,4,0.363636,0,0.0,0,0.0,3,0.272727,4,0.363636,4,0.363636,0,0.0,0,0.0,7,0.636363,0.636364,5,privacy_data_law_protection,business_product_service_revenue,cybersecurity_attacks_security_threats,ai_cloud_platform_infrastructure,ai_use_legal_regulatory_risk,1,business_product_service_revenue
40,Valero Energy,VLO,1035002,0001035002,2023,success,,10-K,2024-02-22,2023-12-31,0001035002-24-000007,vlo-20231231.htm,https://www.sec.gov/Archives/edgar/data/1035002/000103500224000007/,https://www.sec.gov/Archives/edgar/data/1035002/000103500224000007/vlo-20231231.htm,data/raw/sec_10k_html/top100/chunk_02/VLO/2023_VLO_10k.html,data/processed/sec_10k_text/top100/chunk_02/VLO/2023_VLO_10k.txt,58291,1,0.171553,primary_text_sample,TRUE,,,2911,Petroleum Refining,,,31-33,Manufacturing,sic_range_sector_crosswalk,success,,master_frame,TRUE,TRUE,TRUE,TRUE,1,0,0.0,1,1.0,0,0.0,0,0.0,0,0.0,0,0.0,1,1.0,0,0.0,0,0.0,0,0.0,0,0.0,0.0,5,privacy_data_law_protection,business_product_service_revenue,cybersecurity_attacks_security_threats,ai_cloud_platform_infrastructure,ai_use_legal_regulatory_risk,1,business_product_service_revenue
40,Valero Energy,VLO,1035002,0001035002,2024,success,,10-K,2025-02-26,2024-12-31,0001035002-25-000005,vlo-20241231.htm,https://www.sec.gov/Archives/edgar/data/1035002/000103500225000005/,https://www.sec.gov/Archives/edgar/data/1035002/000103500225000005/vlo-20241231.htm,data/raw/sec_10k_html/top100/chunk_02/VLO/2024_VLO_10k.html,data/processed/sec_10k_text/top100/chunk_02/VLO/2024_VLO_10k.txt,57546,2,0.347548,primary_text_sample,TRUE,,,2911,Petroleum Refining,,,31-33,Manufacturing,sic_range_sector_crosswalk,success,,master_frame,TRUE,TRUE,TRUE,TRUE,3,0,0.0,1,0.333333,2,0.666667,0,0.0,0,0.0,0,0.0,1,0.333333,2,0.666667,0,0.0,0,0.0,2,0.666667,0.666667,5,privacy_data_law_protection,business_product_service_revenue,cybersecurity_attacks_security_threats,ai_cloud_platform_infrastructure,ai_use_legal_regulatory_risk,2,cybersecurity_attacks_security_threats
40,Valero Energy,VLO,1035002,0001035002,2025,success,,10-K,2026-02-25,2025-12-31,0001628280-26-011499,vlo-20251231.htm,https://www.sec.gov/Archives/edgar/data/1035002/000162828026011499/,https://www.sec.gov/Archives/edgar/data/1035002/000162828026011499/vlo-20251231.htm,data/raw/sec_10k_html/top100/chunk_02/VLO/2025_VLO_10k.html,data/processed/sec_10k_text/top100/chunk_02/VLO/2025_VLO_10k.txt,59083,2,0.338507,primary_text_sample,TRUE,,,2911,Petroleum Refining,,,31-33,Manufacturing,sic_range_sector_crosswalk,success,,master_frame,TRUE,TRUE,TRUE,TRUE,6,1,0.166667,1,0.166667,4,0.666667,0,0.0,0,0.0,1,0.166667,1,0.166667,4,0.666667,0,0.0,0,0.0,5,0.833334,0.833333,5,privacy_data_law_protection,business_product_service_revenue,cybersecurity_attacks_security_threats,ai_cloud_platform_infrastructure,ai_use_legal_regulatory_risk,2,cybersecurity_attacks_security_threats
41,Dell Technologies,DELL,1571996,0001571996,2023,success,,10-K,2023-03-30,2023-02-03,0001571996-23-000007,dell-20230203.htm,https://www.sec.gov/Archives/edgar/data/1571996/000157199623000007/,https://www.sec.gov/Archives/edgar/data/1571996/000157199623000007/dell-20230203.htm,data/raw/sec_10k_html/top100/chunk_02/DELL/2023_DELL_10k.html,data/processed/sec_10k_text/top100/chunk_02/DELL/2023_DELL_10k.txt,77299,16,2.069884,primary_text_sample,TRUE,,,3571,Electronic Computers,,,31-33,Manufacturing,sic_range_sector_crosswalk,success,,master_frame,TRUE,TRUE,TRUE,TRUE,11,0,0.0,2,0.181818,0,0.0,8,0.727273,1,0.090909,0,0.0,2,0.181818,0,0.0,8,0.727273,1,0.090909,1,0.090909,-0.636364,5,privacy_data_law_protection,business_product_service_revenue,cybersecurity_attacks_security_threats,ai_cloud_platform_infrastructure,ai_use_legal_regulatory_risk,3,ai_cloud_platform_infrastructure
41,Dell Technologies,DELL,1571996,0001571996,2024,success,,10-K,2024-03-25,2024-02-02,0001571996-24-000036,dell-20240202.htm,https://www.sec.gov/Archives/edgar/data/1571996/000157199624000036/,https://www.sec.gov/Archives/edgar/data/1571996/000157199624000036/dell-20240202.htm,data/raw/sec_10k_html/top100/chunk_02/DELL/2024_DELL_10k.html,data/processed/sec_10k_text/top100/chunk_02/DELL/2024_DELL_10k.txt,75146,10,1.330743,primary_text_sample,TRUE,,,3571,Electronic Computers,,,31-33,Manufacturing,sic_range_sector_crosswalk,success,,master_frame,TRUE,TRUE,TRUE,TRUE,26,0,0.0,9,0.346154,0,0.0,12,0.461538,5,0.192308,0,0.0,9,0.346154,0,0.0,12,0.461538,5,0.192308,5,0.192308,-0.269231,5,privacy_data_law_protection,business_product_service_revenue,cybersecurity_attacks_security_threats,ai_cloud_platform_infrastructure,ai_use_legal_regulatory_risk,3,ai_cloud_platform_infrastructure
41,Dell Technologies,DELL,1571996,0001571996,2025,success,,10-K,2025-03-25,2025-01-31,0001571996-25-000034,dell-20250131.htm,https://www.sec.gov/Archives/edgar/data/1571996/000157199625000034/,https://www.sec.gov/Archives/edgar/data/1571996/000157199625000034/dell-20250131.htm,data/raw/sec_10k_html/top100/chunk_02/DELL/2025_DELL_10k.html,data/processed/sec_10k_text/top100/chunk_02/DELL/2025_DELL_10k.txt,75141,12,1.596998,primary_text_sample,TRUE,,,3571,Electronic Computers,,,31-33,Manufacturing,sic_range_sector_crosswalk,success,,master_frame,TRUE,TRUE,TRUE,TRUE,59,1,0.016949,34,0.576271,2,0.033898,12,0.20339,10,0.169492,1,0.016949,34,0.576271,2,0.033898,12,0.20339,10,0.169492,13,0.220339,0.016949,5,privacy_data_law_protection,business_product_service_revenue,cybersecurity_attacks_security_threats,ai_cloud_platform_infrastructure,ai_use_legal_regulatory_risk,1,business_product_service_revenue
42,Target,TGT,27419,0000027419,2023,success,,10-K,2023-03-08,2023-01-28,0000027419-23-000015,tgt-20230128.htm,https://www.sec.gov/Archives/edgar/data/27419/000002741923000015/,https://www.sec.gov/Archives/edgar/data/27419/000002741923000015/tgt-20230128.htm,data/raw/sec_10k_html/top100/chunk_02/TGT/2023_TGT_10k.html,data/processed/sec_10k_text/top100/chunk_02/TGT/2023_TGT_10k.txt,27380,1,0.36523,primary_text_sample,TRUE,,,5331,Retail-Variety Stores,,,44-45,Retail Trade,sic_range_sector_crosswalk,success,,master_frame,TRUE,TRUE,TRUE,TRUE,1,0,0.0,1,1.0,0,0.0,0,0.0,0,0.0,0,0.0,1,1.0,0,0.0,0,0.0,0,0.0,0,0.0,0.0,5,privacy_data_law_protection,business_product_service_revenue,cybersecurity_attacks_security_threats,ai_cloud_platform_infrastructure,ai_use_legal_regulatory_risk,1,business_product_service_revenue
42,Target,TGT,27419,0000027419,2024,success,,10-K,2024-03-13,2024-02-03,0000027419-24-000032,tgt-20240203.htm,https://www.sec.gov/Archives/edgar/data/27419/000002741924000032/,https://www.sec.gov/Archives/edgar/data/27419/000002741924000032/tgt-20240203.htm,data/raw/sec_10k_html/top100/chunk_02/TGT/2024_TGT_10k.html,data/processed/sec_10k_text/top100/chunk_02/TGT/2024_TGT_10k.txt,29139,4,1.372731,primary_text_sample,TRUE,,,5331,Retail-Variety Stores,,,44-45,Retail Trade,sic_range_sector_crosswalk,success,,master_frame,TRUE,TRUE,TRUE,TRUE,4,1,0.25,2,0.5,1,0.25,0,0.0,0,0.0,1,0.25,2,0.5,1,0.25,0,0.0,0,0.0,2,0.5,0.5,5,privacy_data_law_protection,business_product_service_revenue,cybersecurity_attacks_security_threats,ai_cloud_platform_infrastructure,ai_use_legal_regulatory_risk,1,business_product_service_revenue
42,Target,TGT,27419,0000027419,2025,success,,10-K,2025-03-12,2025-02-01,0000027419-25-000018,tgt-20250201.htm,https://www.sec.gov/Archives/edgar/data/27419/000002741925000018/,https://www.sec.gov/Archives/edgar/data/27419/000002741925000018/tgt-20250201.htm,data/raw/sec_10k_html/top100/chunk_02/TGT/2025_TGT_10k.html,data/processed/sec_10k_text/top100/chunk_02/TGT/2025_TGT_10k.txt,31569,9,2.850898,primary_text_sample,TRUE,,,5331,Retail-Variety Stores,,,44-45,Retail Trade,sic_range_sector_crosswalk,success,,master_frame,TRUE,TRUE,TRUE,TRUE,9,1,0.111111,3,0.333333,1,0.111111,0,0.0,4,0.444444,1,0.111111,3,0.333333,1,0.111111,0,0.0,4,0.444444,6,0.666666,0.666667,5,privacy_data_law_protection,business_product_service_revenue,cybersecurity_attacks_security_threats,ai_cloud_platform_infrastructure,ai_use_legal_regulatory_risk,4,ai_use_legal_regulatory_risk
43,Tesla,TSLA,1318605,0001318605,2023,success,,10-K,2024-01-29,2023-12-31,0001628280-24-002390,tsla-20231231.htm,https://www.sec.gov/Archives/edgar/data/1318605/000162828024002390/,https://www.sec.gov/Archives/edgar/data/1318605/000162828024002390/tsla-20231231.htm,data/raw/sec_10k_html/top100/chunk_02/TSLA/2023_TSLA_10k.html,data/processed/sec_10k_text/top100/chunk_02/TSLA/2023_TSLA_10k.txt,57140,14,2.450123,primary_text_sample,TRUE,,,3711,Motor Vehicles & Passenger Car Bodies,,,31-33,Manufacturing,sic_range_sector_crosswalk,success,,master_frame,TRUE,TRUE,TRUE,TRUE,12,0,0.0,10,0.833333,0,0.0,2,0.166667,0,0.0,0,0.0,10,0.833333,0,0.0,2,0.166667,0,0.0,0,0.0,-0.166667,5,privacy_data_law_protection,business_product_service_revenue,cybersecurity_attacks_security_threats,ai_cloud_platform_infrastructure,ai_use_legal_regulatory_risk,1,business_product_service_revenue
43,Tesla,TSLA,1318605,0001318605,2024,success,,10-K,2025-01-30,2024-12-31,0001628280-25-003063,tsla-20241231.htm,https://www.sec.gov/Archives/edgar/data/1318605/000162828025003063/,https://www.sec.gov/Archives/edgar/data/1318605/000162828025003063/tsla-20241231.htm,data/raw/sec_10k_html/top100/chunk_02/TSLA/2024_TSLA_10k.html,data/processed/sec_10k_text/top100/chunk_02/TSLA/2024_TSLA_10k.txt,55180,16,2.899601,primary_text_sample,TRUE,,,3711,Motor Vehicles & Passenger Car Bodies,,,31-33,Manufacturing,sic_range_sector_crosswalk,success,,master_frame,TRUE,TRUE,TRUE,TRUE,23,2,0.086957,17,0.73913,1,0.043478,3,0.130435,0,0.0,2,0.086957,17,0.73913,1,0.043478,3,0.130435,0,0.0,3,0.130435,0.0,5,privacy_data_law_protection,business_product_service_revenue,cybersecurity_attacks_security_threats,ai_cloud_platform_infrastructure,ai_use_legal_regulatory_risk,1,business_product_service_revenue
43,Tesla,TSLA,1318605,0001318605,2025,success,,10-K,2026-01-29,2025-12-31,0001628280-26-003952,tsla-20251231.htm,https://www.sec.gov/Archives/edgar/data/1318605/000162828026003952/,https://www.sec.gov/Archives/edgar/data/1318605/000162828026003952/tsla-20251231.htm,data/raw/sec_10k_html/top100/chunk_02/TSLA/2025_TSLA_10k.html,data/processed/sec_10k_text/top100/chunk_02/TSLA/2025_TSLA_10k.txt,57185,18,3.147679,primary_text_sample,TRUE,,,3711,Motor Vehicles & Passenger Car Bodies,,,31-33,Manufacturing,sic_range_sector_crosswalk,success,,master_frame,TRUE,TRUE,TRUE,TRUE,48,1,0.020833,27,0.5625,1,0.020833,19,0.395833,0,0.0,1,0.020833,27,0.5625,1,0.020833,19,0.395833,0,0.0,2,0.041666,-0.354167,5,privacy_data_law_protection,business_product_service_revenue,cybersecurity_attacks_security_threats,ai_cloud_platform_infrastructure,ai_use_legal_regulatory_risk,1,business_product_service_revenue
44,Walt Disney,DIS,1744489,0001744489,2023,success,,10-K,2023-11-21,2023-09-30,0001744489-23-000216,dis-20230930.htm,https://www.sec.gov/Archives/edgar/data/1744489/000174448923000216/,https://www.sec.gov/Archives/edgar/data/1744489/000174448923000216/dis-20230930.htm,data/raw/sec_10k_html/top100/chunk_02/DIS/2023_DIS_10k.html,data/processed/sec_10k_text/top100/chunk_02/DIS/2023_DIS_10k.txt,64458,3,0.465419,primary_text_sample,TRUE,,,7990,Services-Miscellaneous Amusement & Recreation,,,56,Administrative and Support and Waste Management and Remediation Services,sic_range_sector_crosswalk,success,,master_frame,TRUE,TRUE,TRUE,TRUE,3,0,0.0,1,0.333333,0,0.0,0,0.0,2,0.666667,0,0.0,1,0.333333,0,0.0,0,0.0,2,0.666667,2,0.666667,0.666667,5,privacy_data_law_protection,business_product_service_revenue,cybersecurity_attacks_security_threats,ai_cloud_platform_infrastructure,ai_use_legal_regulatory_risk,4,ai_use_legal_regulatory_risk
44,Walt Disney,DIS,1744489,0001744489,2024,success,,10-K,2024-11-14,2024-09-28,0001744489-24-000276,dis-20240928.htm,https://www.sec.gov/Archives/edgar/data/1744489/000174448924000276/,https://www.sec.gov/Archives/edgar/data/1744489/000174448924000276/dis-20240928.htm,data/raw/sec_10k_html/top100/chunk_02/DIS/2024_DIS_10k.html,data/processed/sec_10k_text/top100/chunk_02/DIS/2024_DIS_10k.txt,63484,5,0.7876,primary_text_sample,TRUE,,,7990,Services-Miscellaneous Amusement & Recreation,,,56,Administrative and Support and Waste Management and Remediation Services,sic_range_sector_crosswalk,success,,master_frame,TRUE,TRUE,TRUE,TRUE,7,1,0.142857,2,0.285714,1,0.142857,0,0.0,3,0.428571,1,0.142857,2,0.285714,1,0.142857,0,0.0,3,0.428571,5,0.714285,0.714286,5,privacy_data_law_protection,business_product_service_revenue,cybersecurity_attacks_security_threats,ai_cloud_platform_infrastructure,ai_use_legal_regulatory_risk,4,ai_use_legal_regulatory_risk
44,Walt Disney,DIS,1744489,0001744489,2025,success,,10-K,2025-11-13,2025-09-27,0001744489-25-000155,dis-20250927.htm,https://www.sec.gov/Archives/edgar/data/1744489/000174448925000155/,https://www.sec.gov/Archives/edgar/data/1744489/000174448925000155/dis-20250927.htm,data/raw/sec_10k_html/top100/chunk_02/DIS/2025_DIS_10k.html,data/processed/sec_10k_text/top100/chunk_02/DIS/2025_DIS_10k.txt,62636,5,0.798263,primary_text_sample,TRUE,,,7990,Services-Miscellaneous Amusement & Recreation,,,56,Administrative and Support and Waste Management and Remediation Services,sic_range_sector_crosswalk,success,,master_frame,TRUE,TRUE,TRUE,TRUE,7,1,0.142857,2,0.285714,1,0.142857,0,0.0,3,0.428571,1,0.142857,2,0.285714,1,0.142857,0,0.0,3,0.428571,5,0.714285,0.714286,5,privacy_data_law_protection,business_product_service_revenue,cybersecurity_attacks_security_threats,ai_cloud_platform_infrastructure,ai_use_legal_regulatory_risk,4,ai_use_legal_regulatory_risk
45,Johnson & Johnson,JNJ,200406,0000200406,2023,success,,10-K,2024-02-16,2023-12-31,0000200406-24-000013,jnj-20231231.htm,https://www.sec.gov/Archives/edgar/data/200406/000020040624000013/,https://www.sec.gov/Archives/edgar/data/200406/000020040624000013/jnj-20231231.htm,data/raw/sec_10k_html/top100/chunk_02/JNJ/2023_JNJ_10k.html,data/processed/sec_10k_text/top100/chunk_02/JNJ/2023_JNJ_10k.txt,61596,5,0.811741,primary_text_sample,TRUE,,,2834,Pharmaceutical Preparations,,,31-33,Manufacturing,sic_range_sector_crosswalk,success,,master_frame,TRUE,TRUE,TRUE,TRUE,7,1,0.142857,1,0.142857,1,0.142857,0,0.0,4,0.571429,1,0.142857,1,0.142857,1,0.142857,0,0.0,4,0.571429,6,0.857143,0.857143,5,privacy_data_law_protection,business_product_service_revenue,cybersecurity_attacks_security_threats,ai_cloud_platform_infrastructure,ai_use_legal_regulatory_risk,4,ai_use_legal_regulatory_risk
45,Johnson & Johnson,JNJ,200406,0000200406,2024,success,,10-K,2025-02-13,2024-12-29,0000200406-25-000038,jnj-20241229.htm,https://www.sec.gov/Archives/edgar/data/200406/000020040625000038/,https://www.sec.gov/Archives/edgar/data/200406/000020040625000038/jnj-20241229.htm,data/raw/sec_10k_html/top100/chunk_02/JNJ/2024_JNJ_10k.html,data/processed/sec_10k_text/top100/chunk_02/JNJ/2024_JNJ_10k.txt,62188,3,0.482408,primary_text_sample,TRUE,,,2834,Pharmaceutical Preparations,,,31-33,Manufacturing,sic_range_sector_crosswalk,success,,master_frame,TRUE,TRUE,TRUE,TRUE,6,1,0.166667,0,0.0,1,0.166667,0,0.0,4,0.666667,1,0.166667,0,0.0,1,0.166667,0,0.0,4,0.666667,6,1.000001,1.0,5,privacy_data_law_protection,business_product_service_revenue,cybersecurity_attacks_security_threats,ai_cloud_platform_infrastructure,ai_use_legal_regulatory_risk,4,ai_use_legal_regulatory_risk
45,Johnson & Johnson,JNJ,200406,0000200406,2025,success,,10-K,2026-02-11,2025-12-28,0000200406-26-000016,jnj-20251228.htm,https://www.sec.gov/Archives/edgar/data/200406/000020040626000016/,https://www.sec.gov/Archives/edgar/data/200406/000020040626000016/jnj-20251228.htm,data/raw/sec_10k_html/top100/chunk_02/JNJ/2025_JNJ_10k.html,data/processed/sec_10k_text/top100/chunk_02/JNJ/2025_JNJ_10k.txt,61745,3,0.485869,primary_text_sample,TRUE,,,2834,Pharmaceutical Preparations,,,31-33,Manufacturing,sic_range_sector_crosswalk,success,,master_frame,TRUE,TRUE,TRUE,TRUE,6,1,0.166667,0,0.0,1,0.166667,0,0.0,4,0.666667,1,0.166667,0,0.0,1,0.166667,0,0.0,4,0.666667,6,1.000001,1.0,5,privacy_data_law_protection,business_product_service_revenue,cybersecurity_attacks_security_threats,ai_cloud_platform_infrastructure,ai_use_legal_regulatory_risk,4,ai_use_legal_regulatory_risk
46,PepsiCo,PEP,77476,0000077476,2023,success,,10-K,2024-02-09,2023-12-30,0000077476-24-000008,pep-20231230.htm,https://www.sec.gov/Archives/edgar/data/77476/000007747624000008/,https://www.sec.gov/Archives/edgar/data/77476/000007747624000008/pep-20231230.htm,data/raw/sec_10k_html/top100/chunk_02/PEP/2023_PEP_10k.html,data/processed/sec_10k_text/top100/chunk_02/PEP/2023_PEP_10k.txt,60823,9,1.479703,primary_text_sample,TRUE,,,2080,Beverages,,,31-33,Manufacturing,sic_range_sector_crosswalk,success,,master_frame,TRUE,TRUE,TRUE,TRUE,8,1,0.125,5,0.625,2,0.25,0,0.0,0,0.0,1,0.125,5,0.625,2,0.25,0,0.0,0,0.0,3,0.375,0.375,5,privacy_data_law_protection,business_product_service_revenue,cybersecurity_attacks_security_threats,ai_cloud_platform_infrastructure,ai_use_legal_regulatory_risk,1,business_product_service_revenue
46,PepsiCo,PEP,77476,0000077476,2024,success,,10-K,2025-02-04,2024-12-28,0000077476-25-000007,pep-20241228.htm,https://www.sec.gov/Archives/edgar/data/77476/000007747625000007/,https://www.sec.gov/Archives/edgar/data/77476/000007747625000007/pep-20241228.htm,data/raw/sec_10k_html/top100/chunk_02/PEP/2024_PEP_10k.html,data/processed/sec_10k_text/top100/chunk_02/PEP/2024_PEP_10k.txt,61619,15,2.434314,primary_text_sample,TRUE,,,2080,Beverages,,,31-33,Manufacturing,sic_range_sector_crosswalk,success,,master_frame,TRUE,TRUE,TRUE,TRUE,13,2,0.153846,8,0.615385,2,0.153846,0,0.0,1,0.076923,2,0.153846,8,0.615385,2,0.153846,0,0.0,1,0.076923,5,0.384615,0.384615,5,privacy_data_law_protection,business_product_service_revenue,cybersecurity_attacks_security_threats,ai_cloud_platform_infrastructure,ai_use_legal_regulatory_risk,1,business_product_service_revenue
46,PepsiCo,PEP,77476,0000077476,2025,success,,10-K,2026-02-03,2025-12-27,0000077476-26-000007,pep-20251227.htm,https://www.sec.gov/Archives/edgar/data/77476/000007747626000007/,https://www.sec.gov/Archives/edgar/data/77476/000007747626000007/pep-20251227.htm,data/raw/sec_10k_html/top100/chunk_02/PEP/2025_PEP_10k.html,data/processed/sec_10k_text/top100/chunk_02/PEP/2025_PEP_10k.txt,59980,19,3.167723,primary_text_sample,TRUE,,,2080,Beverages,,,31-33,Manufacturing,sic_range_sector_crosswalk,success,,master_frame,TRUE,TRUE,TRUE,TRUE,17,4,0.235294,8,0.470588,2,0.117647,2,0.117647,1,0.058824,4,0.235294,8,0.470588,2,0.117647,2,0.117647,1,0.058824,7,0.411765,0.294118,5,privacy_data_law_protection,business_product_service_revenue,cybersecurity_attacks_security_threats,ai_cloud_platform_infrastructure,ai_use_legal_regulatory_risk,1,business_product_service_revenue
47,Boeing,BA,12927,0000012927,2023,success,,10-K,2024-01-31,2023-12-31,0000012927-24-000010,ba-20231231.htm,https://www.sec.gov/Archives/edgar/data/12927/000001292724000010/,https://www.sec.gov/Archives/edgar/data/12927/000001292724000010/ba-20231231.htm,data/raw/sec_10k_html/top100/chunk_02/BA/2023_BA_10k.html,data/processed/sec_10k_text/top100/chunk_02/BA/2023_BA_10k.txt,54481,2,0.3671,primary_text_sample,TRUE,,,3721,Aircraft,,,31-33,Manufacturing,sic_range_sector_crosswalk,success,,master_frame,TRUE,TRUE,TRUE,TRUE,1,0,0.0,0,0.0,1,1.0,0,0.0,0,0.0,0,0.0,0,0.0,1,1.0,0,0.0,0,0.0,1,1.0,1.0,5,privacy_data_law_protection,business_product_service_revenue,cybersecurity_attacks_security_threats,ai_cloud_platform_infrastructure,ai_use_legal_regulatory_risk,2,cybersecurity_attacks_security_threats
47,Boeing,BA,12927,0000012927,2024,success,,10-K,2025-02-03,2024-12-31,0000012927-25-000015,ba-20241231.htm,https://www.sec.gov/Archives/edgar/data/12927/000001292725000015/,https://www.sec.gov/Archives/edgar/data/12927/000001292725000015/ba-20241231.htm,data/raw/sec_10k_html/top100/chunk_02/BA/2024_BA_10k.html,data/processed/sec_10k_text/top100/chunk_02/BA/2024_BA_10k.txt,59448,2,0.336428,primary_text_sample,TRUE,,,3721,Aircraft,,,31-33,Manufacturing,sic_range_sector_crosswalk,success,,master_frame,TRUE,TRUE,TRUE,TRUE,1,0,0.0,0,0.0,1,1.0,0,0.0,0,0.0,0,0.0,0,0.0,1,1.0,0,0.0,0,0.0,1,1.0,1.0,5,privacy_data_law_protection,business_product_service_revenue,cybersecurity_attacks_security_threats,ai_cloud_platform_infrastructure,ai_use_legal_regulatory_risk,2,cybersecurity_attacks_security_threats
47,Boeing,BA,12927,0000012927,2025,success,,10-K,2026-01-30,2025-12-31,0001628280-26-004357,ba-20251231.htm,https://www.sec.gov/Archives/edgar/data/12927/000162828026004357/,https://www.sec.gov/Archives/edgar/data/12927/000162828026004357/ba-20251231.htm,data/raw/sec_10k_html/top100/chunk_02/BA/2025_BA_10k.html,data/processed/sec_10k_text/top100/chunk_02/BA/2025_BA_10k.txt,60122,2,0.332657,primary_text_sample,TRUE,,,3721,Aircraft,,,31-33,Manufacturing,sic_range_sector_crosswalk,success,,master_frame,TRUE,TRUE,TRUE,TRUE,1,0,0.0,0,0.0,1,1.0,0,0.0,0,0.0,0,0.0,0,0.0,1,1.0,0,0.0,0,0.0,1,1.0,1.0,5,privacy_data_law_protection,business_product_service_revenue,cybersecurity_attacks_security_threats,ai_cloud_platform_infrastructure,ai_use_legal_regulatory_risk,2,cybersecurity_attacks_security_threats
48,UPS,UPS,1090727,0001090727,2023,success,,10-K,2024-02-20,2023-12-31,0001090727-24-000008,ups-20231231.htm,https://www.sec.gov/Archives/edgar/data/1090727/000109072724000008/,https://www.sec.gov/Archives/edgar/data/1090727/000109072724000008/ups-20231231.htm,data/raw/sec_10k_html/top100/chunk_02/UPS/2023_UPS_10k.html,data/processed/sec_10k_text/top100/chunk_02/UPS/2023_UPS_10k.txt,64772,4,0.617551,primary_text_sample,TRUE,,,4210,Trucking & Courier Services (No Air),,,48-49,Transportation and Warehousing,sic_range_sector_crosswalk,success,,master_frame,TRUE,TRUE,TRUE,TRUE,4,0,0.0,3,0.75,1,0.25,0,0.0,0,0.0,0,0.0,3,0.75,1,0.25,0,0.0,0,0.0,1,0.25,0.25,5,privacy_data_law_protection,business_product_service_revenue,cybersecurity_attacks_security_threats,ai_cloud_platform_infrastructure,ai_use_legal_regulatory_risk,1,business_product_service_revenue
48,UPS,UPS,1090727,0001090727,2024,success,,10-K,2025-02-18,2024-12-31,0001090727-25-000019,ups-20241231.htm,https://www.sec.gov/Archives/edgar/data/1090727/000109072725000019/,https://www.sec.gov/Archives/edgar/data/1090727/000109072725000019/ups-20241231.htm,data/raw/sec_10k_html/top100/chunk_02/UPS/2024_UPS_10k.html,data/processed/sec_10k_text/top100/chunk_02/UPS/2024_UPS_10k.txt,68107,5,0.734139,primary_text_sample,TRUE,,,4210,Trucking & Courier Services (No Air),,,48-49,Transportation and Warehousing,sic_range_sector_crosswalk,success,,master_frame,TRUE,TRUE,TRUE,TRUE,5,0,0.0,4,0.8,1,0.2,0,0.0,0,0.0,0,0.0,4,0.8,1,0.2,0,0.0,0,0.0,1,0.2,0.2,5,privacy_data_law_protection,business_product_service_revenue,cybersecurity_attacks_security_threats,ai_cloud_platform_infrastructure,ai_use_legal_regulatory_risk,1,business_product_service_revenue
48,UPS,UPS,1090727,0001090727,2025,success,,10-K,2026-02-17,2025-12-31,0001628280-26-008432,ups-20251231.htm,https://www.sec.gov/Archives/edgar/data/1090727/000162828026008432/,https://www.sec.gov/Archives/edgar/data/1090727/000162828026008432/ups-20251231.htm,data/raw/sec_10k_html/top100/chunk_02/UPS/2025_UPS_10k.html,data/processed/sec_10k_text/top100/chunk_02/UPS/2025_UPS_10k.txt,63188,7,1.107805,primary_text_sample,TRUE,,,4210,Trucking & Courier Services (No Air),,,48-49,Transportation and Warehousing,sic_range_sector_crosswalk,success,,master_frame,TRUE,TRUE,TRUE,TRUE,12,0,0.0,3,0.25,6,0.5,3,0.25,0,0.0,0,0.0,3,0.25,6,0.5,3,0.25,0,0.0,6,0.5,0.25,5,privacy_data_law_protection,business_product_service_revenue,cybersecurity_attacks_security_threats,ai_cloud_platform_infrastructure,ai_use_legal_regulatory_risk,2,cybersecurity_attacks_security_threats
49,RTX,RTX,101829,0000101829,2023,success,,10-K,2024-02-05,2023-12-31,0000101829-24-000008,rtx-20231231.htm,https://www.sec.gov/Archives/edgar/data/101829/000010182924000008/,https://www.sec.gov/Archives/edgar/data/101829/000010182924000008/rtx-20231231.htm,data/raw/sec_10k_html/top100/chunk_02/RTX/2023_RTX_10k.html,data/processed/sec_10k_text/top100/chunk_02/RTX/2023_RTX_10k.txt,78475,4,0.509716,primary_text_sample,TRUE,,,3724,Aircraft Engines & Engine Parts,,,31-33,Manufacturing,sic_range_sector_crosswalk,success,,master_frame,TRUE,TRUE,TRUE,TRUE,4,0,0.0,3,0.75,1,0.25,0,0.0,0,0.0,0,0.0,3,0.75,1,0.25,0,0.0,0,0.0,1,0.25,0.25,5,privacy_data_law_protection,business_product_service_revenue,cybersecurity_attacks_security_threats,ai_cloud_platform_infrastructure,ai_use_legal_regulatory_risk,1,business_product_service_revenue
49,RTX,RTX,101829,0000101829,2024,success,,10-K,2025-02-03,2024-12-31,0000101829-25-000005,rtx-20241231.htm,https://www.sec.gov/Archives/edgar/data/101829/000010182925000005/,https://www.sec.gov/Archives/edgar/data/101829/000010182925000005/rtx-20241231.htm,data/raw/sec_10k_html/top100/chunk_02/RTX/2024_RTX_10k.html,data/processed/sec_10k_text/top100/chunk_02/RTX/2024_RTX_10k.txt,84314,10,1.186043,primary_text_sample,TRUE,,,3724,Aircraft Engines & Engine Parts,,,31-33,Manufacturing,sic_range_sector_crosswalk,success,,master_frame,TRUE,TRUE,TRUE,TRUE,10,2,0.2,4,0.4,1,0.1,0,0.0,3,0.3,2,0.2,4,0.4,1,0.1,0,0.0,3,0.3,6,0.6,0.6,5,privacy_data_law_protection,business_product_service_revenue,cybersecurity_attacks_security_threats,ai_cloud_platform_infrastructure,ai_use_legal_regulatory_risk,1,business_product_service_revenue
49,RTX,RTX,101829,0000101829,2025,success,,10-K,2026-02-06,2025-12-31,0000101829-26-000006,rtx-20251231.htm,https://www.sec.gov/Archives/edgar/data/101829/000010182926000006/,https://www.sec.gov/Archives/edgar/data/101829/000010182926000006/rtx-20251231.htm,data/raw/sec_10k_html/top100/chunk_02/RTX/2025_RTX_10k.html,data/processed/sec_10k_text/top100/chunk_02/RTX/2025_RTX_10k.txt,77335,9,1.163768,primary_text_sample,TRUE,,,3724,Aircraft Engines & Engine Parts,,,31-33,Manufacturing,sic_range_sector_crosswalk,success,,master_frame,TRUE,TRUE,TRUE,TRUE,9,2,0.222222,3,0.333333,1,0.111111,0,0.0,3,0.333333,2,0.222222,3,0.333333,1,0.111111,0,0.0,3,0.333333,6,0.666666,0.666667,5,privacy_data_law_protection,business_product_service_revenue,cybersecurity_attacks_security_threats,ai_cloud_platform_infrastructure,ai_use_legal_regulatory_risk,1,business_product_service_revenue
50,FedEx,FDX,1048911,0001048911,2023,success,,10-K,2023-07-17,2023-05-31,0000950170-23-033201,fdx-20230531.htm,https://www.sec.gov/Archives/edgar/data/1048911/000095017023033201/,https://www.sec.gov/Archives/edgar/data/1048911/000095017023033201/fdx-20230531.htm,data/raw/sec_10k_html/top100/chunk_02/FDX/2023_FDX_10k.html,data/processed/sec_10k_text/top100/chunk_02/FDX/2023_FDX_10k.txt,73200,9,1.229508,primary_text_sample,TRUE,,,4513,Air Courier Services,,,48-49,Transportation and Warehousing,sic_range_sector_crosswalk,success,,master_frame,TRUE,TRUE,TRUE,TRUE,8,3,0.375,2,0.25,0,0.0,3,0.375,0,0.0,3,0.375,2,0.25,0,0.0,3,0.375,0,0.0,3,0.375,0.0,5,privacy_data_law_protection,business_product_service_revenue,cybersecurity_attacks_security_threats,ai_cloud_platform_infrastructure,ai_use_legal_regulatory_risk,0,privacy_data_law_protection
50,FedEx,FDX,1048911,0001048911,2024,success,,10-K,2024-07-15,2024-05-31,0000950170-24-083577,fdx-20240531.htm,https://www.sec.gov/Archives/edgar/data/1048911/000095017024083577/,https://www.sec.gov/Archives/edgar/data/1048911/000095017024083577/fdx-20240531.htm,data/raw/sec_10k_html/top100/chunk_02/FDX/2024_FDX_10k.html,data/processed/sec_10k_text/top100/chunk_02/FDX/2024_FDX_10k.txt,75805,28,3.693688,primary_text_sample,TRUE,,,4513,Air Courier Services,,,48-49,Transportation and Warehousing,sic_range_sector_crosswalk,success,,master_frame,TRUE,TRUE,TRUE,TRUE,19,7,0.368421,4,0.210526,3,0.157895,5,0.263158,0,0.0,7,0.368421,4,0.210526,3,0.157895,5,0.263158,0,0.0,10,0.526316,0.263158,5,privacy_data_law_protection,business_product_service_revenue,cybersecurity_attacks_security_threats,ai_cloud_platform_infrastructure,ai_use_legal_regulatory_risk,0,privacy_data_law_protection
50,FedEx,FDX,1048911,0001048911,2025,success,,10-K,2025-07-21,2025-05-31,0001048911-25-000011,fdx-20250531.htm,https://www.sec.gov/Archives/edgar/data/1048911/000104891125000011/,https://www.sec.gov/Archives/edgar/data/1048911/000104891125000011/fdx-20250531.htm,data/raw/sec_10k_html/top100/chunk_02/FDX/2025_FDX_10k.html,data/processed/sec_10k_text/top100/chunk_02/FDX/2025_FDX_10k.txt,75594,27,3.571712,primary_text_sample,TRUE,,,4513,Air Courier Services,,,48-49,Transportation and Warehousing,sic_range_sector_crosswalk,success,,master_frame,TRUE,TRUE,TRUE,TRUE,19,7,0.368421,5,0.263158,3,0.157895,4,0.210526,0,0.0,7,0.368421,5,0.263158,3,0.157895,4,0.210526,0,0.0,10,0.526316,0.315789,5,privacy_data_law_protection,business_product_service_revenue,cybersecurity_attacks_security_threats,ai_cloud_platform_infrastructure,ai_use_legal_regulatory_risk,0,privacy_data_law_protection
51,Progressive,PGR,80661,0000080661,2023,success,,10-K,2024-02-26,2023-12-31,0000080661-24-000007,pgr-20231231.htm,https://www.sec.gov/Archives/edgar/data/80661/000008066124000007/,https://www.sec.gov/Archives/edgar/data/80661/000008066124000007/pgr-20231231.htm,data/raw/sec_10k_html/top100/chunk_03/PGR/2023_PGR_10k.html,data/processed/sec_10k_text/top100/chunk_03/PGR/2023_PGR_10k.txt,31937,15,4.696747,primary_text_sample,TRUE,,,6331,"Fire, Marine & Casualty Insurance",,,52,Finance and Insurance,sic_range_sector_crosswalk,success,,master_frame,TRUE,TRUE,TRUE,TRUE,17,6,0.352941,1,0.058824,0,0.0,0,0.0,10,0.588235,6,0.352941,1,0.058824,0,0.0,0,0.0,10,0.588235,16,0.941176,0.941176,5,privacy_data_law_protection,business_product_service_revenue,cybersecurity_attacks_security_threats,ai_cloud_platform_infrastructure,ai_use_legal_regulatory_risk,4,ai_use_legal_regulatory_risk
51,Progressive,PGR,80661,0000080661,2024,success,,10-K,2025-03-03,2024-12-31,0000080661-25-000007,pgr-20241231.htm,https://www.sec.gov/Archives/edgar/data/80661/000008066125000007/,https://www.sec.gov/Archives/edgar/data/80661/000008066125000007/pgr-20241231.htm,data/raw/sec_10k_html/top100/chunk_03/PGR/2024_PGR_10k.html,data/processed/sec_10k_text/top100/chunk_03/PGR/2024_PGR_10k.txt,30889,13,4.208618,primary_text_sample,TRUE,,,6331,"Fire, Marine & Casualty Insurance",,,52,Finance and Insurance,sic_range_sector_crosswalk,success,,master_frame,TRUE,TRUE,TRUE,TRUE,17,2,0.117647,0,0.0,0,0.0,0,0.0,15,0.882353,2,0.117647,0,0.0,0,0.0,0,0.0,15,0.882353,17,1.0,1.0,5,privacy_data_law_protection,business_product_service_revenue,cybersecurity_attacks_security_threats,ai_cloud_platform_infrastructure,ai_use_legal_regulatory_risk,4,ai_use_legal_regulatory_risk
51,Progressive,PGR,80661,0000080661,2025,success,,10-K,2026-03-02,2025-12-31,0000080661-26-000086,pgr-20251231.htm,https://www.sec.gov/Archives/edgar/data/80661/000008066126000086/,https://www.sec.gov/Archives/edgar/data/80661/000008066126000086/pgr-20251231.htm,data/raw/sec_10k_html/top100/chunk_03/PGR/2025_PGR_10k.html,data/processed/sec_10k_text/top100/chunk_03/PGR/2025_PGR_10k.txt,30534,6,1.965023,primary_text_sample,TRUE,,,6331,"Fire, Marine & Casualty Insurance",,,52,Finance and Insurance,sic_range_sector_crosswalk,success,,master_frame,TRUE,TRUE,TRUE,TRUE,18,2,0.111111,0,0.0,1,0.055556,0,0.0,15,0.833333,2,0.111111,0,0.0,1,0.055556,0,0.0,15,0.833333,18,1.0,1.0,5,privacy_data_law_protection,business_product_service_revenue,cybersecurity_attacks_security_threats,ai_cloud_platform_infrastructure,ai_use_legal_regulatory_risk,4,ai_use_legal_regulatory_risk
52,Lowe's,LOW,60667,0000060667,2024,success,,10-K,2024-03-25,2024-02-02,0000060667-24-000033,low-20240202.htm,https://www.sec.gov/Archives/edgar/data/60667/000006066724000033/,https://www.sec.gov/Archives/edgar/data/60667/000006066724000033/low-20240202.htm,data/raw/sec_10k_html/top100/chunk_03/LOW/2024_LOW_10k.html,data/processed/sec_10k_text/top100/chunk_03/LOW/2024_LOW_10k.txt,40866,7,1.712915,primary_text_sample,TRUE,,,5211,Retail-Lumber & Other Building Materials Dealers,,,44-45,Retail Trade,sic_range_sector_crosswalk,success,,master_frame,TRUE,TRUE,TRUE,TRUE,3,0,0.0,2,0.666667,1,0.333333,0,0.0,0,0.0,0,0.0,2,0.666667,1,0.333333,0,0.0,0,0.0,1,0.333333,0.333333,5,privacy_data_law_protection,business_product_service_revenue,cybersecurity_attacks_security_threats,ai_cloud_platform_infrastructure,ai_use_legal_regulatory_risk,1,business_product_service_revenue
52,Lowe's,LOW,60667,0000060667,2025,success,,10-K,2025-03-24,2025-01-31,0000060667-25-000049,low-20250131.htm,https://www.sec.gov/Archives/edgar/data/60667/000006066725000049/,https://www.sec.gov/Archives/edgar/data/60667/000006066725000049/low-20250131.htm,data/raw/sec_10k_html/top100/chunk_03/LOW/2025_LOW_10k.html,data/processed/sec_10k_text/top100/chunk_03/LOW/2025_LOW_10k.txt,39568,8,2.021836,primary_text_sample,TRUE,,,5211,Retail-Lumber & Other Building Materials Dealers,,,44-45,Retail Trade,sic_range_sector_crosswalk,success,,master_frame,TRUE,TRUE,TRUE,TRUE,13,0,0.0,2,0.153846,3,0.230769,3,0.230769,5,0.384615,0,0.0,2,0.153846,3,0.230769,3,0.230769,5,0.384615,8,0.615384,0.384615,5,privacy_data_law_protection,business_product_service_revenue,cybersecurity_attacks_security_threats,ai_cloud_platform_infrastructure,ai_use_legal_regulatory_risk,4,ai_use_legal_regulatory_risk
53,Energy Transfer,ET,1276187,0001276187,2023,success,,10-K,2024-02-16,2023-12-31,0001276187-24-000024,et-20231231.htm,https://www.sec.gov/Archives/edgar/data/1276187/000127618724000024/,https://www.sec.gov/Archives/edgar/data/1276187/000127618724000024/et-20231231.htm,data/raw/sec_10k_html/top100/chunk_03/ET/2023_ET_10k.html,data/processed/sec_10k_text/top100/chunk_03/ET/2023_ET_10k.txt,154192,1,0.064854,primary_text_sample,TRUE,,,4922,Natural Gas Transmission,,,48-49,Transportation and Warehousing,sic_range_sector_crosswalk,success,,master_frame,TRUE,TRUE,TRUE,TRUE,1,0,0.0,0,0.0,1,1.0,0,0.0,0,0.0,0,0.0,0,0.0,1,1.0,0,0.0,0,0.0,1,1.0,1.0,5,privacy_data_law_protection,business_product_service_revenue,cybersecurity_attacks_security_threats,ai_cloud_platform_infrastructure,ai_use_legal_regulatory_risk,2,cybersecurity_attacks_security_threats
53,Energy Transfer,ET,1276187,0001276187,2024,success,,10-K,2025-02-14,2024-12-31,0001276187-25-000018,et-20241231.htm,https://www.sec.gov/Archives/edgar/data/1276187/000127618725000018/,https://www.sec.gov/Archives/edgar/data/1276187/000127618725000018/et-20241231.htm,data/raw/sec_10k_html/top100/chunk_03/ET/2024_ET_10k.html,data/processed/sec_10k_text/top100/chunk_03/ET/2024_ET_10k.txt,157988,1,0.063296,primary_text_sample,TRUE,,,4922,Natural Gas Transmission,,,48-49,Transportation and Warehousing,sic_range_sector_crosswalk,success,,master_frame,TRUE,TRUE,TRUE,TRUE,1,0,0.0,0,0.0,1,1.0,0,0.0,0,0.0,0,0.0,0,0.0,1,1.0,0,0.0,0,0.0,1,1.0,1.0,5,privacy_data_law_protection,business_product_service_revenue,cybersecurity_attacks_security_threats,ai_cloud_platform_infrastructure,ai_use_legal_regulatory_risk,2,cybersecurity_attacks_security_threats
53,Energy Transfer,ET,1276187,0001276187,2025,success,,10-K,2026-02-19,2025-12-31,0001276187-26-000013,et-20251231.htm,https://www.sec.gov/Archives/edgar/data/1276187/000127618726000013/,https://www.sec.gov/Archives/edgar/data/1276187/000127618726000013/et-20251231.htm,data/raw/sec_10k_html/top100/chunk_03/ET/2025_ET_10k.html,data/processed/sec_10k_text/top100/chunk_03/ET/2025_ET_10k.txt,162490,1,0.061542,primary_text_sample,TRUE,,,4922,Natural Gas Transmission,,,48-49,Transportation and Warehousing,sic_range_sector_crosswalk,success,,master_frame,TRUE,TRUE,TRUE,TRUE,1,0,0.0,0,0.0,1,1.0,0,0.0,0,0.0,0,0.0,0,0.0,1,1.0,0,0.0,0,0.0,1,1.0,1.0,5,privacy_data_law_protection,business_product_service_revenue,cybersecurity_attacks_security_threats,ai_cloud_platform_infrastructure,ai_use_legal_regulatory_risk,2,cybersecurity_attacks_security_threats
54,Procter & Gamble,PG,80424,0000080424,2024,success,,10-K,2024-08-05,2024-06-30,0000080424-24-000083,pg-20240630.htm,https://www.sec.gov/Archives/edgar/data/80424/000008042424000083/,https://www.sec.gov/Archives/edgar/data/80424/000008042424000083/pg-20240630.htm,data/raw/sec_10k_html/top100/chunk_03/PG/2024_PG_10k.html,data/processed/sec_10k_text/top100/chunk_03/PG/2024_PG_10k.txt,42242,7,1.657119,primary_text_sample,TRUE,,,2840,"Soap, Detergents, Cleang Preparations, Perfumes, Cosmetics",,,31-33,Manufacturing,sic_range_sector_crosswalk,success,,master_frame,TRUE,TRUE,TRUE,TRUE,5,4,0.8,0,0.0,1,0.2,0,0.0,0,0.0,4,0.8,0,0.0,1,0.2,0,0.0,0,0.0,5,1.0,1.0,5,privacy_data_law_protection,business_product_service_revenue,cybersecurity_attacks_security_threats,ai_cloud_platform_infrastructure,ai_use_legal_regulatory_risk,0,privacy_data_law_protection
54,Procter & Gamble,PG,80424,0000080424,2025,success,,10-K,2025-08-04,2025-06-30,0000080424-25-000076,pg-20250630.htm,https://www.sec.gov/Archives/edgar/data/80424/000008042425000076/,https://www.sec.gov/Archives/edgar/data/80424/000008042425000076/pg-20250630.htm,data/raw/sec_10k_html/top100/chunk_03/PG/2025_PG_10k.html,data/processed/sec_10k_text/top100/chunk_03/PG/2025_PG_10k.txt,42692,8,1.873887,primary_text_sample,TRUE,,,2840,"Soap, Detergents, Cleang Preparations, Perfumes, Cosmetics",,,31-33,Manufacturing,sic_range_sector_crosswalk,success,,master_frame,TRUE,TRUE,TRUE,TRUE,6,4,0.666667,1,0.166667,1,0.166667,0,0.0,0,0.0,4,0.666667,1,0.166667,1,0.166667,0,0.0,0,0.0,5,0.833334,0.833333,5,privacy_data_law_protection,business_product_service_revenue,cybersecurity_attacks_security_threats,ai_cloud_platform_infrastructure,ai_use_legal_regulatory_risk,0,privacy_data_law_protection
55,Sysco,SYY,96021,0000096021,2023,success,,10-K,2023-08-25,2023-07-01,0000096021-23-000117,syy-20230701.htm,https://www.sec.gov/Archives/edgar/data/96021/000009602123000117/,https://www.sec.gov/Archives/edgar/data/96021/000009602123000117/syy-20230701.htm,data/raw/sec_10k_html/top100/chunk_03/SYY/2023_SYY_10k.html,data/processed/sec_10k_text/top100/chunk_03/SYY/2023_SYY_10k.txt,60096,1,0.1664,primary_text_sample,TRUE,,,5140,Wholesale-Groceries & Related Products,,,42,Wholesale Trade,sic_range_sector_crosswalk,success,,master_frame,TRUE,TRUE,TRUE,TRUE,2,0,0.0,0,0.0,0,0.0,1,0.5,1,0.5,0,0.0,0,0.0,0,0.0,1,0.5,1,0.5,1,0.5,0.0,5,privacy_data_law_protection,business_product_service_revenue,cybersecurity_attacks_security_threats,ai_cloud_platform_infrastructure,ai_use_legal_regulatory_risk,3,ai_cloud_platform_infrastructure
55,Sysco,SYY,96021,0000096021,2024,success,,10-K,2024-08-28,2024-06-29,0000096021-24-000128,syy-20240629.htm,https://www.sec.gov/Archives/edgar/data/96021/000009602124000128/,https://www.sec.gov/Archives/edgar/data/96021/000009602124000128/syy-20240629.htm,data/raw/sec_10k_html/top100/chunk_03/SYY/2024_SYY_10k.html,data/processed/sec_10k_text/top100/chunk_03/SYY/2024_SYY_10k.txt,61381,16,2.60667,primary_text_sample,TRUE,,,5140,Wholesale-Groceries & Related Products,,,42,Wholesale Trade,sic_range_sector_crosswalk,success,,master_frame,TRUE,TRUE,TRUE,TRUE,11,1,0.090909,3,0.272727,2,0.181818,1,0.090909,4,0.363636,1,0.090909,3,0.272727,2,0.181818,1,0.090909,4,0.363636,7,0.636363,0.545455,5,privacy_data_law_protection,business_product_service_revenue,cybersecurity_attacks_security_threats,ai_cloud_platform_infrastructure,ai_use_legal_regulatory_risk,4,ai_use_legal_regulatory_risk
55,Sysco,SYY,96021,0000096021,2025,success,,10-K,2025-08-22,2025-06-28,0000096021-25-000099,syy-20250628.htm,https://www.sec.gov/Archives/edgar/data/96021/000009602125000099/,https://www.sec.gov/Archives/edgar/data/96021/000009602125000099/syy-20250628.htm,data/raw/sec_10k_html/top100/chunk_03/SYY/2025_SYY_10k.html,data/processed/sec_10k_text/top100/chunk_03/SYY/2025_SYY_10k.txt,61241,16,2.612629,primary_text_sample,TRUE,,,5140,Wholesale-Groceries & Related Products,,,42,Wholesale Trade,sic_range_sector_crosswalk,success,,master_frame,TRUE,TRUE,TRUE,TRUE,11,1,0.090909,3,0.272727,2,0.181818,1,0.090909,4,0.363636,1,0.090909,3,0.272727,2,0.181818,1,0.090909,4,0.363636,7,0.636363,0.545455,5,privacy_data_law_protection,business_product_service_revenue,cybersecurity_attacks_security_threats,ai_cloud_platform_infrastructure,ai_use_legal_regulatory_risk,4,ai_use_legal_regulatory_risk
56,American Express,AXP,4962,0000004962,2023,success,,10-K,2024-02-09,2023-12-31,0000004962-24-000013,axp-20231231.htm,https://www.sec.gov/Archives/edgar/data/4962/000000496224000013/,https://www.sec.gov/Archives/edgar/data/4962/000000496224000013/axp-20231231.htm,data/raw/sec_10k_html/top100/chunk_03/AXP/2023_AXP_10k.html,data/processed/sec_10k_text/top100/chunk_03/AXP/2023_AXP_10k.txt,86796,33,3.802019,primary_text_sample,TRUE,,,6199,Finance Services,,,52,Finance and Insurance,sic_range_sector_crosswalk,success,,master_frame,TRUE,TRUE,TRUE,TRUE,16,5,0.3125,5,0.3125,2,0.125,0,0.0,4,0.25,5,0.3125,5,0.3125,2,0.125,0,0.0,4,0.25,11,0.6875,0.6875,5,privacy_data_law_protection,business_product_service_revenue,cybersecurity_attacks_security_threats,ai_cloud_platform_infrastructure,ai_use_legal_regulatory_risk,0,privacy_data_law_protection
56,American Express,AXP,4962,0000004962,2024,success,,10-K,2025-02-07,2024-12-31,0000004962-25-000016,axp-20241231.htm,https://www.sec.gov/Archives/edgar/data/4962/000000496225000016/,https://www.sec.gov/Archives/edgar/data/4962/000000496225000016/axp-20241231.htm,data/raw/sec_10k_html/top100/chunk_03/AXP/2024_AXP_10k.html,data/processed/sec_10k_text/top100/chunk_03/AXP/2024_AXP_10k.txt,88945,50,5.621451,primary_text_sample,TRUE,,,6199,Finance Services,,,52,Finance and Insurance,sic_range_sector_crosswalk,success,,master_frame,TRUE,TRUE,TRUE,TRUE,28,12,0.428571,6,0.214286,3,0.107143,0,0.0,7,0.25,12,0.428571,6,0.214286,3,0.107143,0,0.0,7,0.25,22,0.785714,0.785714,5,privacy_data_law_protection,business_product_service_revenue,cybersecurity_attacks_security_threats,ai_cloud_platform_infrastructure,ai_use_legal_regulatory_risk,0,privacy_data_law_protection
56,American Express,AXP,4962,0000004962,2025,success,,10-K,2026-02-06,2025-12-31,0000004962-26-000080,axp-20251231.htm,https://www.sec.gov/Archives/edgar/data/4962/000000496226000080/,https://www.sec.gov/Archives/edgar/data/4962/000000496226000080/axp-20251231.htm,data/raw/sec_10k_html/top100/chunk_03/AXP/2025_AXP_10k.html,data/processed/sec_10k_text/top100/chunk_03/AXP/2025_AXP_10k.txt,88936,13,1.461725,primary_text_sample,TRUE,,,6199,Finance Services,,,52,Finance and Insurance,sic_range_sector_crosswalk,success,,master_frame,TRUE,TRUE,TRUE,TRUE,37,9,0.243243,9,0.243243,5,0.135135,1,0.027027,13,0.351351,9,0.243243,9,0.243243,5,0.135135,1,0.027027,13,0.351351,27,0.729729,0.702703,5,privacy_data_law_protection,business_product_service_revenue,cybersecurity_attacks_security_threats,ai_cloud_platform_infrastructure,ai_use_legal_regulatory_risk,4,ai_use_legal_regulatory_risk
57,Albertsons,ACI,1646972,0001646972,2024,success,,10-K,2024-04-22,2024-02-24,0001646972-24-000060,aci-20240224.htm,https://www.sec.gov/Archives/edgar/data/1646972/000164697224000060/,https://www.sec.gov/Archives/edgar/data/1646972/000164697224000060/aci-20240224.htm,data/raw/sec_10k_html/top100/chunk_03/ACI/2024_ACI_10k.html,data/processed/sec_10k_text/top100/chunk_03/ACI/2024_ACI_10k.txt,50631,4,0.79003,primary_text_sample,TRUE,,,5411,Retail-Grocery Stores,,,44-45,Retail Trade,sic_range_sector_crosswalk,success,,master_frame,TRUE,TRUE,TRUE,TRUE,9,1,0.111111,1,0.111111,0,0.0,0,0.0,7,0.777778,1,0.111111,1,0.111111,0,0.0,0,0.0,7,0.777778,8,0.888889,0.888889,5,privacy_data_law_protection,business_product_service_revenue,cybersecurity_attacks_security_threats,ai_cloud_platform_infrastructure,ai_use_legal_regulatory_risk,4,ai_use_legal_regulatory_risk
57,Albertsons,ACI,1646972,0001646972,2025,success,,10-K,2025-04-21,2025-02-22,0001646972-25-000052,aci-20250222.htm,https://www.sec.gov/Archives/edgar/data/1646972/000164697225000052/,https://www.sec.gov/Archives/edgar/data/1646972/000164697225000052/aci-20250222.htm,data/raw/sec_10k_html/top100/chunk_03/ACI/2025_ACI_10k.html,data/processed/sec_10k_text/top100/chunk_03/ACI/2025_ACI_10k.txt,49640,4,0.805802,primary_text_sample,TRUE,,,5411,Retail-Grocery Stores,,,44-45,Retail Trade,sic_range_sector_crosswalk,success,,master_frame,TRUE,TRUE,TRUE,TRUE,11,0,0.0,1,0.090909,4,0.363636,0,0.0,6,0.545455,0,0.0,1,0.090909,4,0.363636,0,0.0,6,0.545455,10,0.909091,0.909091,5,privacy_data_law_protection,business_product_service_revenue,cybersecurity_attacks_security_threats,ai_cloud_platform_infrastructure,ai_use_legal_regulatory_risk,4,ai_use_legal_regulatory_risk
58,Archer Daniels Midland,ADM,7084,0000007084,2023,success,,10-K,2024-03-12,2023-12-31,0000007084-24-000009,adm-20231231.htm,https://www.sec.gov/Archives/edgar/data/7084/000000708424000009/,https://www.sec.gov/Archives/edgar/data/7084/000000708424000009/adm-20231231.htm,data/raw/sec_10k_html/top100/chunk_03/ADM/2023_ADM_10k.html,data/processed/sec_10k_text/top100/chunk_03/ADM/2023_ADM_10k.txt,59800,5,0.83612,primary_text_sample,TRUE,,,2070,Fats & Oils,,,31-33,Manufacturing,sic_range_sector_crosswalk,success,,master_frame,TRUE,TRUE,TRUE,TRUE,5,0,0.0,1,0.2,2,0.4,0,0.0,2,0.4,0,0.0,1,0.2,2,0.4,0,0.0,2,0.4,4,0.8,0.8,5,privacy_data_law_protection,business_product_service_revenue,cybersecurity_attacks_security_threats,ai_cloud_platform_infrastructure,ai_use_legal_regulatory_risk,2,cybersecurity_attacks_security_threats
58,Archer Daniels Midland,ADM,7084,0000007084,2024,success,,10-K,2025-02-20,2024-12-31,0000007084-25-000011,adm-20241231.htm,https://www.sec.gov/Archives/edgar/data/7084/000000708425000011/,https://www.sec.gov/Archives/edgar/data/7084/000000708425000011/adm-20241231.htm,data/raw/sec_10k_html/top100/chunk_03/ADM/2024_ADM_10k.html,data/processed/sec_10k_text/top100/chunk_03/ADM/2024_ADM_10k.txt,54413,4,0.735118,primary_text_sample,TRUE,,,2070,Fats & Oils,,,31-33,Manufacturing,sic_range_sector_crosswalk,success,,master_frame,TRUE,TRUE,TRUE,TRUE,17,0,0.0,1,0.058824,2,0.117647,0,0.0,14,0.823529,0,0.0,1,0.058824,2,0.117647,0,0.0,14,0.823529,16,0.941176,0.941176,5,privacy_data_law_protection,business_product_service_revenue,cybersecurity_attacks_security_threats,ai_cloud_platform_infrastructure,ai_use_legal_regulatory_risk,4,ai_use_legal_regulatory_risk
58,Archer Daniels Midland,ADM,7084,0000007084,2025,success,,10-K,2026-02-17,2025-12-31,0000007084-26-000011,adm-20251231.htm,https://www.sec.gov/Archives/edgar/data/7084/000000708426000011/,https://www.sec.gov/Archives/edgar/data/7084/000000708426000011/adm-20251231.htm,data/raw/sec_10k_html/top100/chunk_03/ADM/2025_ADM_10k.html,data/processed/sec_10k_text/top100/chunk_03/ADM/2025_ADM_10k.txt,51245,4,0.780564,primary_text_sample,TRUE,,,2070,Fats & Oils,,,31-33,Manufacturing,sic_range_sector_crosswalk,success,,master_frame,TRUE,TRUE,TRUE,TRUE,17,1,0.058824,0,0.0,3,0.176471,0,0.0,13,0.764706,1,0.058824,0,0.0,3,0.176471,0,0.0,13,0.764706,17,1.000001,1.0,5,privacy_data_law_protection,business_product_service_revenue,cybersecurity_attacks_security_threats,ai_cloud_platform_infrastructure,ai_use_legal_regulatory_risk,4,ai_use_legal_regulatory_risk
59,MetLife,MET,1099219,0001099219,2023,success,,10-K,2024-02-16,2023-12-31,0001099219-24-000035,met-20231231.htm,https://www.sec.gov/Archives/edgar/data/1099219/000109921924000035/,https://www.sec.gov/Archives/edgar/data/1099219/000109921924000035/met-20231231.htm,data/raw/sec_10k_html/top100/chunk_03/MET/2023_MET_10k.html,data/processed/sec_10k_text/top100/chunk_03/MET/2023_MET_10k.txt,166237,9,0.541396,primary_text_sample,TRUE,,,6311,Life Insurance,,,52,Finance and Insurance,sic_range_sector_crosswalk,success,,master_frame,TRUE,TRUE,TRUE,TRUE,11,3,0.272727,0,0.0,0,0.0,0,0.0,8,0.727273,3,0.272727,0,0.0,0,0.0,0,0.0,8,0.727273,11,1.0,1.0,5,privacy_data_law_protection,business_product_service_revenue,cybersecurity_attacks_security_threats,ai_cloud_platform_infrastructure,ai_use_legal_regulatory_risk,4,ai_use_legal_regulatory_risk
59,MetLife,MET,1099219,0001099219,2024,success,,10-K,2025-02-21,2024-12-31,0001099219-25-000044,met-20241231.htm,https://www.sec.gov/Archives/edgar/data/1099219/000109921925000044/,https://www.sec.gov/Archives/edgar/data/1099219/000109921925000044/met-20241231.htm,data/raw/sec_10k_html/top100/chunk_03/MET/2024_MET_10k.html,data/processed/sec_10k_text/top100/chunk_03/MET/2024_MET_10k.txt,156386,7,0.44761,primary_text_sample,TRUE,,,6311,Life Insurance,,,52,Finance and Insurance,sic_range_sector_crosswalk,success,,master_frame,TRUE,TRUE,TRUE,TRUE,13,1,0.076923,3,0.230769,0,0.0,0,0.0,9,0.692308,1,0.076923,3,0.230769,0,0.0,0,0.0,9,0.692308,10,0.769231,0.769231,5,privacy_data_law_protection,business_product_service_revenue,cybersecurity_attacks_security_threats,ai_cloud_platform_infrastructure,ai_use_legal_regulatory_risk,4,ai_use_legal_regulatory_risk
59,MetLife,MET,1099219,0001099219,2025,success,,10-K,2026-02-19,2025-12-31,0001099219-26-000013,met-20251231.htm,https://www.sec.gov/Archives/edgar/data/1099219/000109921926000013/,https://www.sec.gov/Archives/edgar/data/1099219/000109921926000013/met-20251231.htm,data/raw/sec_10k_html/top100/chunk_03/MET/2025_MET_10k.html,data/processed/sec_10k_text/top100/chunk_03/MET/2025_MET_10k.txt,160996,5,0.310567,primary_text_sample,TRUE,,,6311,Life Insurance,,,52,Finance and Insurance,sic_range_sector_crosswalk,success,,master_frame,TRUE,TRUE,TRUE,TRUE,13,3,0.230769,4,0.307692,0,0.0,1,0.076923,5,0.384615,3,0.230769,4,0.307692,0,0.0,1,0.076923,5,0.384615,8,0.615384,0.538462,5,privacy_data_law_protection,business_product_service_revenue,cybersecurity_attacks_security_threats,ai_cloud_platform_infrastructure,ai_use_legal_regulatory_risk,4,ai_use_legal_regulatory_risk
60,HCA Healthcare,HCA,860730,0000860730,2023,success,,10-K,2024-02-16,2023-12-31,0000950170-24-016524,hca-20231231.htm,https://www.sec.gov/Archives/edgar/data/860730/000095017024016524/,https://www.sec.gov/Archives/edgar/data/860730/000095017024016524/hca-20231231.htm,data/raw/sec_10k_html/top100/chunk_03/HCA/2023_HCA_10k.html,data/processed/sec_10k_text/top100/chunk_03/HCA/2023_HCA_10k.txt,70435,16,2.271598,primary_text_sample,TRUE,,,8062,"Services-General Medical & Surgical Hospitals, NEC",,,62,Health Care and Social Assistance,sic_range_sector_crosswalk,success,,master_frame,TRUE,TRUE,TRUE,TRUE,11,3,0.272727,0,0.0,1,0.090909,0,0.0,7,0.636364,3,0.272727,0,0.0,1,0.090909,0,0.0,7,0.636364,11,1.0,1.0,5,privacy_data_law_protection,business_product_service_revenue,cybersecurity_attacks_security_threats,ai_cloud_platform_infrastructure,ai_use_legal_regulatory_risk,4,ai_use_legal_regulatory_risk
60,HCA Healthcare,HCA,860730,0000860730,2024,success,,10-K,2025-02-14,2024-12-31,0000950170-25-020134,hca-20241231.htm,https://www.sec.gov/Archives/edgar/data/860730/000095017025020134/,https://www.sec.gov/Archives/edgar/data/860730/000095017025020134/hca-20241231.htm,data/raw/sec_10k_html/top100/chunk_03/HCA/2024_HCA_10k.html,data/processed/sec_10k_text/top100/chunk_03/HCA/2024_HCA_10k.txt,71272,12,1.683691,primary_text_sample,TRUE,,,8062,"Services-General Medical & Surgical Hospitals, NEC",,,62,Health Care and Social Assistance,sic_range_sector_crosswalk,success,,master_frame,TRUE,TRUE,TRUE,TRUE,32,2,0.0625,1,0.03125,3,0.09375,0,0.0,26,0.8125,2,0.0625,1,0.03125,3,0.09375,0,0.0,26,0.8125,31,0.96875,0.96875,5,privacy_data_law_protection,business_product_service_revenue,cybersecurity_attacks_security_threats,ai_cloud_platform_infrastructure,ai_use_legal_regulatory_risk,4,ai_use_legal_regulatory_risk
60,HCA Healthcare,HCA,860730,0000860730,2025,success,,10-K,2026-02-10,2025-12-31,0001193125-26-044769,hca-20251231.htm,https://www.sec.gov/Archives/edgar/data/860730/000119312526044769/,https://www.sec.gov/Archives/edgar/data/860730/000119312526044769/hca-20251231.htm,data/raw/sec_10k_html/top100/chunk_03/HCA/2025_HCA_10k.html,data/processed/sec_10k_text/top100/chunk_03/HCA/2025_HCA_10k.txt,70422,16,2.272017,primary_text_sample,TRUE,,,8062,"Services-General Medical & Surgical Hospitals, NEC",,,62,Health Care and Social Assistance,sic_range_sector_crosswalk,success,,master_frame,TRUE,TRUE,TRUE,TRUE,41,3,0.073171,3,0.073171,3,0.073171,5,0.121951,27,0.658537,3,0.073171,3,0.073171,3,0.073171,5,0.121951,27,0.658537,33,0.804879,0.682927,5,privacy_data_law_protection,business_product_service_revenue,cybersecurity_attacks_security_threats,ai_cloud_platform_infrastructure,ai_use_legal_regulatory_risk,4,ai_use_legal_regulatory_risk
61,Lockheed Martin,LMT,936468,0000936468,2023,success,,10-K,2024-01-23,2023-12-31,0000936468-24-000010,lmt-20231231.htm,https://www.sec.gov/Archives/edgar/data/936468/000093646824000010/,https://www.sec.gov/Archives/edgar/data/936468/000093646824000010/lmt-20231231.htm,data/raw/sec_10k_html/top100/chunk_03/LMT/2023_LMT_10k.html,data/processed/sec_10k_text/top100/chunk_03/LMT/2023_LMT_10k.txt,65486,3,0.458113,primary_text_sample,TRUE,,,3760,Guided Missiles & Space Vehicles & Parts,,,31-33,Manufacturing,sic_range_sector_crosswalk,success,,master_frame,TRUE,TRUE,TRUE,TRUE,3,0,0.0,1,0.333333,1,0.333333,1,0.333333,0,0.0,0,0.0,1,0.333333,1,0.333333,1,0.333333,0,0.0,1,0.333333,0.0,5,privacy_data_law_protection,business_product_service_revenue,cybersecurity_attacks_security_threats,ai_cloud_platform_infrastructure,ai_use_legal_regulatory_risk,1,business_product_service_revenue
61,Lockheed Martin,LMT,936468,0000936468,2024,success,,10-K,2025-01-28,2024-12-31,0000936468-25-000009,lmt-20241231.htm,https://www.sec.gov/Archives/edgar/data/936468/000093646825000009/,https://www.sec.gov/Archives/edgar/data/936468/000093646825000009/lmt-20241231.htm,data/raw/sec_10k_html/top100/chunk_03/LMT/2024_LMT_10k.html,data/processed/sec_10k_text/top100/chunk_03/LMT/2024_LMT_10k.txt,65429,7,1.069862,primary_text_sample,TRUE,,,3760,Guided Missiles & Space Vehicles & Parts,,,31-33,Manufacturing,sic_range_sector_crosswalk,success,,master_frame,TRUE,TRUE,TRUE,TRUE,5,0,0.0,1,0.2,1,0.2,3,0.6,0,0.0,0,0.0,1,0.2,1,0.2,3,0.6,0,0.0,1,0.2,-0.4,5,privacy_data_law_protection,business_product_service_revenue,cybersecurity_attacks_security_threats,ai_cloud_platform_infrastructure,ai_use_legal_regulatory_risk,3,ai_cloud_platform_infrastructure
61,Lockheed Martin,LMT,936468,0000936468,2025,success,,10-K,2026-01-29,2025-12-31,0001628280-26-004195,lmt-20251231.htm,https://www.sec.gov/Archives/edgar/data/936468/000162828026004195/,https://www.sec.gov/Archives/edgar/data/936468/000162828026004195/lmt-20251231.htm,data/raw/sec_10k_html/top100/chunk_03/LMT/2025_LMT_10k.html,data/processed/sec_10k_text/top100/chunk_03/LMT/2025_LMT_10k.txt,63495,6,0.944956,primary_text_sample,TRUE,,,3760,Guided Missiles & Space Vehicles & Parts,,,31-33,Manufacturing,sic_range_sector_crosswalk,success,,master_frame,TRUE,TRUE,TRUE,TRUE,6,0,0.0,2,0.333333,1,0.166667,3,0.5,0,0.0,0,0.0,2,0.333333,1,0.166667,3,0.5,0,0.0,1,0.166667,-0.333333,5,privacy_data_law_protection,business_product_service_revenue,cybersecurity_attacks_security_threats,ai_cloud_platform_infrastructure,ai_use_legal_regulatory_risk,3,ai_cloud_platform_infrastructure
63,Capital One Financial,COF,927628,0000927628,2023,success,,10-K,2024-02-23,2023-12-31,0000927628-24-000094,cof-20231231.htm,https://www.sec.gov/Archives/edgar/data/927628/000092762824000094/,https://www.sec.gov/Archives/edgar/data/927628/000092762824000094/cof-20231231.htm,data/raw/sec_10k_html/top100/chunk_03/COF/2023_COF_10k.html,data/processed/sec_10k_text/top100/chunk_03/COF/2023_COF_10k.txt,109248,5,0.457674,primary_text_sample,TRUE,,,6021,National Commercial Banks,,,52,Finance and Insurance,sic_range_sector_crosswalk,success,,master_frame,TRUE,TRUE,TRUE,TRUE,25,3,0.12,10,0.4,3,0.12,0,0.0,9,0.36,3,0.12,10,0.4,3,0.12,0,0.0,9,0.36,15,0.6,0.6,5,privacy_data_law_protection,business_product_service_revenue,cybersecurity_attacks_security_threats,ai_cloud_platform_infrastructure,ai_use_legal_regulatory_risk,1,business_product_service_revenue
63,Capital One Financial,COF,927628,0000927628,2024,success,,10-K,2025-02-20,2024-12-31,0000927628-25-000092,cof-20241231.htm,https://www.sec.gov/Archives/edgar/data/927628/000092762825000092/,https://www.sec.gov/Archives/edgar/data/927628/000092762825000092/cof-20241231.htm,data/raw/sec_10k_html/top100/chunk_03/COF/2024_COF_10k.html,data/processed/sec_10k_text/top100/chunk_03/COF/2024_COF_10k.txt,112939,8,0.708347,primary_text_sample,TRUE,,,6021,National Commercial Banks,,,52,Finance and Insurance,sic_range_sector_crosswalk,success,,master_frame,TRUE,TRUE,TRUE,TRUE,30,5,0.166667,8,0.266667,3,0.1,0,0.0,14,0.466667,5,0.166667,8,0.266667,3,0.1,0,0.0,14,0.466667,22,0.733334,0.733333,5,privacy_data_law_protection,business_product_service_revenue,cybersecurity_attacks_security_threats,ai_cloud_platform_infrastructure,ai_use_legal_regulatory_risk,4,ai_use_legal_regulatory_risk
63,Capital One Financial,COF,927628,0000927628,2025,success,,10-K,2026-02-19,2025-12-31,0000927628-26-000024,cof-20251231.htm,https://www.sec.gov/Archives/edgar/data/927628/000092762826000024/,https://www.sec.gov/Archives/edgar/data/927628/000092762826000024/cof-20251231.htm,data/raw/sec_10k_html/top100/chunk_03/COF/2025_COF_10k.html,data/processed/sec_10k_text/top100/chunk_03/COF/2025_COF_10k.txt,125312,12,0.95761,primary_text_sample,TRUE,,,6021,National Commercial Banks,,,52,Finance and Insurance,sic_range_sector_crosswalk,success,,master_frame,TRUE,TRUE,TRUE,TRUE,49,7,0.142857,9,0.183673,5,0.102041,1,0.020408,27,0.55102,7,0.142857,9,0.183673,5,0.102041,1,0.020408,27,0.55102,39,0.795918,0.77551,5,privacy_data_law_protection,business_product_service_revenue,cybersecurity_attacks_security_threats,ai_cloud_platform_infrastructure,ai_use_legal_regulatory_risk,4,ai_use_legal_regulatory_risk
64,Allstate,ALL,899051,0000899051,2023,success,,10-K,2024-02-21,2023-12-31,0000899051-24-000013,all-20231231.htm,https://www.sec.gov/Archives/edgar/data/899051/000089905124000013/,https://www.sec.gov/Archives/edgar/data/899051/000089905124000013/all-20231231.htm,data/raw/sec_10k_html/top100/chunk_03/ALL/2023_ALL_10k.html,data/processed/sec_10k_text/top100/chunk_03/ALL/2023_ALL_10k.txt,105133,4,0.38047,primary_text_sample,TRUE,,,6331,"Fire, Marine & Casualty Insurance",,,52,Finance and Insurance,sic_range_sector_crosswalk,success,,master_frame,TRUE,TRUE,TRUE,TRUE,2,0,0.0,1,0.5,0,0.0,0,0.0,1,0.5,0,0.0,1,0.5,0,0.0,0,0.0,1,0.5,1,0.5,0.5,5,privacy_data_law_protection,business_product_service_revenue,cybersecurity_attacks_security_threats,ai_cloud_platform_infrastructure,ai_use_legal_regulatory_risk,1,business_product_service_revenue
64,Allstate,ALL,899051,0000899051,2024,success,,10-K,2025-02-24,2024-12-31,0000899051-25-000015,all-20241231.htm,https://www.sec.gov/Archives/edgar/data/899051/000089905125000015/,https://www.sec.gov/Archives/edgar/data/899051/000089905125000015/all-20241231.htm,data/raw/sec_10k_html/top100/chunk_03/ALL/2024_ALL_10k.html,data/processed/sec_10k_text/top100/chunk_03/ALL/2024_ALL_10k.txt,98634,11,1.115234,primary_text_sample,TRUE,,,6331,"Fire, Marine & Casualty Insurance",,,52,Finance and Insurance,sic_range_sector_crosswalk,success,,master_frame,TRUE,TRUE,TRUE,TRUE,9,1,0.111111,3,0.333333,1,0.111111,0,0.0,4,0.444444,1,0.111111,3,0.333333,1,0.111111,0,0.0,4,0.444444,6,0.666666,0.666667,5,privacy_data_law_protection,business_product_service_revenue,cybersecurity_attacks_security_threats,ai_cloud_platform_infrastructure,ai_use_legal_regulatory_risk,4,ai_use_legal_regulatory_risk
64,Allstate,ALL,899051,0000899051,2025,success,,10-K,2026-02-20,2025-12-31,0000899051-26-000031,all-20251231.htm,https://www.sec.gov/Archives/edgar/data/899051/000089905126000031/,https://www.sec.gov/Archives/edgar/data/899051/000089905126000031/all-20251231.htm,data/raw/sec_10k_html/top100/chunk_03/ALL/2025_ALL_10k.html,data/processed/sec_10k_text/top100/chunk_03/ALL/2025_ALL_10k.txt,91969,10,1.087323,primary_text_sample,TRUE,,,6331,"Fire, Marine & Casualty Insurance",,,52,Finance and Insurance,sic_range_sector_crosswalk,success,,master_frame,TRUE,TRUE,TRUE,TRUE,10,1,0.1,5,0.5,2,0.2,0,0.0,2,0.2,1,0.1,5,0.5,2,0.2,0,0.0,2,0.2,5,0.5,0.5,5,privacy_data_law_protection,business_product_service_revenue,cybersecurity_attacks_security_threats,ai_cloud_platform_infrastructure,ai_use_legal_regulatory_risk,1,business_product_service_revenue
65,Caterpillar,CAT,18230,0000018230,2023,success,,10-K,2024-02-16,2023-12-31,0000018230-24-000009,cat-20231231.htm,https://www.sec.gov/Archives/edgar/data/18230/000001823024000009/,https://www.sec.gov/Archives/edgar/data/18230/000001823024000009/cat-20231231.htm,data/raw/sec_10k_html/top100/chunk_03/CAT/2023_CAT_10k.html,data/processed/sec_10k_text/top100/chunk_03/CAT/2023_CAT_10k.txt,62295,2,0.321053,primary_text_sample,TRUE,,,3531,Construction Machinery & Equip,,,31-33,Manufacturing,sic_range_sector_crosswalk,success,,master_frame,TRUE,TRUE,TRUE,TRUE,2,0,0.0,2,1.0,0,0.0,0,0.0,0,0.0,0,0.0,2,1.0,0,0.0,0,0.0,0,0.0,0,0.0,0.0,5,privacy_data_law_protection,business_product_service_revenue,cybersecurity_attacks_security_threats,ai_cloud_platform_infrastructure,ai_use_legal_regulatory_risk,1,business_product_service_revenue
65,Caterpillar,CAT,18230,0000018230,2024,success,,10-K,2025-02-14,2024-12-31,0000018230-25-000008,cat-20241231.htm,https://www.sec.gov/Archives/edgar/data/18230/000001823025000008/,https://www.sec.gov/Archives/edgar/data/18230/000001823025000008/cat-20241231.htm,data/raw/sec_10k_html/top100/chunk_03/CAT/2024_CAT_10k.html,data/processed/sec_10k_text/top100/chunk_03/CAT/2024_CAT_10k.txt,62507,3,0.479946,primary_text_sample,TRUE,,,3531,Construction Machinery & Equip,,,31-33,Manufacturing,sic_range_sector_crosswalk,success,,master_frame,TRUE,TRUE,TRUE,TRUE,3,0,0.0,2,0.666667,0,0.0,1,0.333333,0,0.0,0,0.0,2,0.666667,0,0.0,1,0.333333,0,0.0,0,0.0,-0.333333,5,privacy_data_law_protection,business_product_service_revenue,cybersecurity_attacks_security_threats,ai_cloud_platform_infrastructure,ai_use_legal_regulatory_risk,1,business_product_service_revenue
65,Caterpillar,CAT,18230,0000018230,2025,success,,10-K,2026-02-13,2025-12-31,0000018230-26-000008,cat-20251231.htm,https://www.sec.gov/Archives/edgar/data/18230/000001823026000008/,https://www.sec.gov/Archives/edgar/data/18230/000001823026000008/cat-20251231.htm,data/raw/sec_10k_html/top100/chunk_03/CAT/2025_CAT_10k.html,data/processed/sec_10k_text/top100/chunk_03/CAT/2025_CAT_10k.txt,62706,4,0.637897,primary_text_sample,TRUE,,,3531,Construction Machinery & Equip,,,31-33,Manufacturing,sic_range_sector_crosswalk,success,,master_frame,TRUE,TRUE,TRUE,TRUE,4,0,0.0,3,0.75,0,0.0,1,0.25,0,0.0,0,0.0,3,0.75,0,0.0,1,0.25,0,0.0,0,0.0,-0.25,5,privacy_data_law_protection,business_product_service_revenue,cybersecurity_attacks_security_threats,ai_cloud_platform_infrastructure,ai_use_legal_regulatory_risk,1,business_product_service_revenue
66,IBM,IBM,51143,0000051143,2023,success,,10-K,2024-02-26,2023-12-31,0000051143-24-000012,ibm-20231231.htm,https://www.sec.gov/Archives/edgar/data/51143/000005114324000012/,https://www.sec.gov/Archives/edgar/data/51143/000005114324000012/ibm-20231231.htm,data/raw/sec_10k_html/top100/chunk_03/IBM/2023_IBM_10k.html,data/processed/sec_10k_text/top100/chunk_03/IBM/2023_IBM_10k.txt,19963,3,1.50278,primary_text_sample,TRUE,,,3570,Computer & office Equipment,,,31-33,Manufacturing,sic_range_sector_crosswalk,success,,master_frame,TRUE,TRUE,TRUE,TRUE,12,2,0.166667,3,0.25,3,0.25,4,0.333333,0,0.0,2,0.166667,3,0.25,3,0.25,4,0.333333,0,0.0,5,0.416667,0.083333,5,privacy_data_law_protection,business_product_service_revenue,cybersecurity_attacks_security_threats,ai_cloud_platform_infrastructure,ai_use_legal_regulatory_risk,3,ai_cloud_platform_infrastructure
66,IBM,IBM,51143,0000051143,2024,success,,10-K,2025-02-25,2024-12-31,0000051143-25-000015,ibm-20241231.htm,https://www.sec.gov/Archives/edgar/data/51143/000005114325000015/,https://www.sec.gov/Archives/edgar/data/51143/000005114325000015/ibm-20241231.htm,data/raw/sec_10k_html/top100/chunk_03/IBM/2024_IBM_10k.html,data/processed/sec_10k_text/top100/chunk_03/IBM/2024_IBM_10k.txt,20505,8,3.901487,primary_text_sample,TRUE,,,3570,Computer & office Equipment,,,31-33,Manufacturing,sic_range_sector_crosswalk,success,,master_frame,TRUE,TRUE,TRUE,TRUE,23,2,0.086957,5,0.217391,8,0.347826,5,0.217391,3,0.130435,2,0.086957,5,0.217391,8,0.347826,5,0.217391,3,0.130435,13,0.565218,0.347826,5,privacy_data_law_protection,business_product_service_revenue,cybersecurity_attacks_security_threats,ai_cloud_platform_infrastructure,ai_use_legal_regulatory_risk,2,cybersecurity_attacks_security_threats
66,IBM,IBM,51143,0000051143,2025,success,,10-K,2026-02-24,2025-12-31,0000051143-26-000010,ibm-20251231.htm,https://www.sec.gov/Archives/edgar/data/51143/000005114326000010/,https://www.sec.gov/Archives/edgar/data/51143/000005114326000010/ibm-20251231.htm,data/raw/sec_10k_html/top100/chunk_03/IBM/2025_IBM_10k.html,data/processed/sec_10k_text/top100/chunk_03/IBM/2025_IBM_10k.txt,19693,2,1.015589,primary_text_sample,TRUE,,,3570,Computer & office Equipment,,,31-33,Manufacturing,sic_range_sector_crosswalk,success,,master_frame,TRUE,TRUE,TRUE,TRUE,21,1,0.047619,5,0.238095,6,0.285714,6,0.285714,3,0.142857,1,0.047619,5,0.238095,6,0.285714,6,0.285714,3,0.142857,10,0.47619,0.190476,5,privacy_data_law_protection,business_product_service_revenue,cybersecurity_attacks_security_threats,ai_cloud_platform_infrastructure,ai_use_legal_regulatory_risk,2,cybersecurity_attacks_security_threats
67,Eli Lilly,LLY,59478,0000059478,2023,success,,10-K,2024-02-21,2023-12-31,0000059478-24-000065,lly-20231231.htm,https://www.sec.gov/Archives/edgar/data/59478/000005947824000065/,https://www.sec.gov/Archives/edgar/data/59478/000005947824000065/lly-20231231.htm,data/raw/sec_10k_html/top100/chunk_03/LLY/2023_LLY_10k.html,data/processed/sec_10k_text/top100/chunk_03/LLY/2023_LLY_10k.txt,60688,4,0.659109,primary_text_sample,TRUE,,,2834,Pharmaceutical Preparations,,,31-33,Manufacturing,sic_range_sector_crosswalk,success,,master_frame,TRUE,TRUE,TRUE,TRUE,14,1,0.071429,0,0.0,0,0.0,0,0.0,13,0.928571,1,0.071429,0,0.0,0,0.0,0,0.0,13,0.928571,14,1.0,1.0,5,privacy_data_law_protection,business_product_service_revenue,cybersecurity_attacks_security_threats,ai_cloud_platform_infrastructure,ai_use_legal_regulatory_risk,4,ai_use_legal_regulatory_risk
67,Eli Lilly,LLY,59478,0000059478,2024,success,,10-K,2025-02-19,2024-12-31,0000059478-25-000067,lly-20241231.htm,https://www.sec.gov/Archives/edgar/data/59478/000005947825000067/,https://www.sec.gov/Archives/edgar/data/59478/000005947825000067/lly-20241231.htm,data/raw/sec_10k_html/top100/chunk_03/LLY/2024_LLY_10k.html,data/processed/sec_10k_text/top100/chunk_03/LLY/2024_LLY_10k.txt,60093,4,0.665635,primary_text_sample,TRUE,,,2834,Pharmaceutical Preparations,,,31-33,Manufacturing,sic_range_sector_crosswalk,success,,master_frame,TRUE,TRUE,TRUE,TRUE,16,1,0.0625,0,0.0,1,0.0625,0,0.0,14,0.875,1,0.0625,0,0.0,1,0.0625,0,0.0,14,0.875,16,1.0,1.0,5,privacy_data_law_protection,business_product_service_revenue,cybersecurity_attacks_security_threats,ai_cloud_platform_infrastructure,ai_use_legal_regulatory_risk,4,ai_use_legal_regulatory_risk
67,Eli Lilly,LLY,59478,0000059478,2025,success,,10-K,2026-02-12,2025-12-31,0000059478-26-000013,lly-20251231.htm,https://www.sec.gov/Archives/edgar/data/59478/000005947826000013/,https://www.sec.gov/Archives/edgar/data/59478/000005947826000013/lly-20251231.htm,data/raw/sec_10k_html/top100/chunk_03/LLY/2025_LLY_10k.html,data/processed/sec_10k_text/top100/chunk_03/LLY/2025_LLY_10k.txt,52944,5,0.944394,primary_text_sample,TRUE,,,2834,Pharmaceutical Preparations,,,31-33,Manufacturing,sic_range_sector_crosswalk,success,,master_frame,TRUE,TRUE,TRUE,TRUE,20,2,0.1,0,0.0,1,0.05,0,0.0,17,0.85,2,0.1,0,0.0,1,0.05,0,0.0,17,0.85,20,1.0,1.0,5,privacy_data_law_protection,business_product_service_revenue,cybersecurity_attacks_security_threats,ai_cloud_platform_infrastructure,ai_use_legal_regulatory_risk,4,ai_use_legal_regulatory_risk
68,Merck,MRK,310158,0000310158,2023,success,,10-K,2024-02-26,2023-12-31,0001628280-24-006850,mrk-20231231.htm,https://www.sec.gov/Archives/edgar/data/310158/000162828024006850/,https://www.sec.gov/Archives/edgar/data/310158/000162828024006850/mrk-20231231.htm,data/raw/sec_10k_html/top100/chunk_03/MRK/2023_MRK_10k.html,data/processed/sec_10k_text/top100/chunk_03/MRK/2023_MRK_10k.txt,89788,2,0.222747,primary_text_sample,TRUE,,,2834,Pharmaceutical Preparations,,,31-33,Manufacturing,sic_range_sector_crosswalk,success,,master_frame,TRUE,TRUE,TRUE,TRUE,4,0,0.0,0,0.0,2,0.5,0,0.0,2,0.5,0,0.0,0,0.0,2,0.5,0,0.0,2,0.5,4,1.0,1.0,5,privacy_data_law_protection,business_product_service_revenue,cybersecurity_attacks_security_threats,ai_cloud_platform_infrastructure,ai_use_legal_regulatory_risk,2,cybersecurity_attacks_security_threats
68,Merck,MRK,310158,0000310158,2024,success,,10-K,2025-02-25,2024-12-31,0001628280-25-007732,mrk-20241231.htm,https://www.sec.gov/Archives/edgar/data/310158/000162828025007732/,https://www.sec.gov/Archives/edgar/data/310158/000162828025007732/mrk-20241231.htm,data/raw/sec_10k_html/top100/chunk_03/MRK/2024_MRK_10k.html,data/processed/sec_10k_text/top100/chunk_03/MRK/2024_MRK_10k.txt,91008,4,0.439522,primary_text_sample,TRUE,,,2834,Pharmaceutical Preparations,,,31-33,Manufacturing,sic_range_sector_crosswalk,success,,master_frame,TRUE,TRUE,TRUE,TRUE,6,1,0.166667,0,0.0,1,0.166667,0,0.0,4,0.666667,1,0.166667,0,0.0,1,0.166667,0,0.0,4,0.666667,6,1.000001,1.0,5,privacy_data_law_protection,business_product_service_revenue,cybersecurity_attacks_security_threats,ai_cloud_platform_infrastructure,ai_use_legal_regulatory_risk,4,ai_use_legal_regulatory_risk
68,Merck,MRK,310158,0000310158,2025,success,,10-K,2026-02-24,2025-12-31,0000310158-26-000063,mrk-20251231.htm,https://www.sec.gov/Archives/edgar/data/310158/000031015826000063/,https://www.sec.gov/Archives/edgar/data/310158/000031015826000063/mrk-20251231.htm,data/raw/sec_10k_html/top100/chunk_03/MRK/2025_MRK_10k.html,data/processed/sec_10k_text/top100/chunk_03/MRK/2025_MRK_10k.txt,94078,5,0.531474,primary_text_sample,TRUE,,,2834,Pharmaceutical Preparations,,,31-33,Manufacturing,sic_range_sector_crosswalk,success,,master_frame,TRUE,TRUE,TRUE,TRUE,7,0,0.0,0,0.0,2,0.285714,0,0.0,5,0.714286,0,0.0,0,0.0,2,0.285714,0,0.0,5,0.714286,7,1.0,1.0,5,privacy_data_law_protection,business_product_service_revenue,cybersecurity_attacks_security_threats,ai_cloud_platform_infrastructure,ai_use_legal_regulatory_risk,4,ai_use_legal_regulatory_risk
70,Broadcom,AVGO,1730168,0001730168,2023,success,,10-K,2023-12-14,2023-10-29,0001730168-23-000096,avgo-20231029.htm,https://www.sec.gov/Archives/edgar/data/1730168/000173016823000096/,https://www.sec.gov/Archives/edgar/data/1730168/000173016823000096/avgo-20231029.htm,data/raw/sec_10k_html/top100/chunk_03/AVGO/2023_AVGO_10k.html,data/processed/sec_10k_text/top100/chunk_03/AVGO/2023_AVGO_10k.txt,54775,18,3.286171,primary_text_sample,TRUE,,,3674,Semiconductors & Related Devices,,,31-33,Manufacturing,sic_range_sector_crosswalk,success,,master_frame,TRUE,TRUE,TRUE,TRUE,16,1,0.0625,2,0.125,2,0.125,11,0.6875,0,0.0,1,0.0625,2,0.125,2,0.125,11,0.6875,0,0.0,3,0.1875,-0.5,5,privacy_data_law_protection,business_product_service_revenue,cybersecurity_attacks_security_threats,ai_cloud_platform_infrastructure,ai_use_legal_regulatory_risk,3,ai_cloud_platform_infrastructure
70,Broadcom,AVGO,1730168,0001730168,2024,success,,10-K,2024-12-20,2024-11-03,0001730168-24-000139,avgo-20241103.htm,https://www.sec.gov/Archives/edgar/data/1730168/000173016824000139/,https://www.sec.gov/Archives/edgar/data/1730168/000173016824000139/avgo-20241103.htm,data/raw/sec_10k_html/top100/chunk_03/AVGO/2024_AVGO_10k.html,data/processed/sec_10k_text/top100/chunk_03/AVGO/2024_AVGO_10k.txt,53928,28,5.192108,primary_text_sample,TRUE,,,3674,Semiconductors & Related Devices,,,31-33,Manufacturing,sic_range_sector_crosswalk,success,,master_frame,TRUE,TRUE,TRUE,TRUE,48,1,0.020833,15,0.3125,4,0.083333,27,0.5625,1,0.020833,1,0.020833,15,0.3125,4,0.083333,27,0.5625,1,0.020833,6,0.124999,-0.4375,5,privacy_data_law_protection,business_product_service_revenue,cybersecurity_attacks_security_threats,ai_cloud_platform_infrastructure,ai_use_legal_regulatory_risk,3,ai_cloud_platform_infrastructure
70,Broadcom,AVGO,1730168,0001730168,2025,success,,10-K,2025-12-18,2025-11-02,0001730168-25-000121,avgo-20251102.htm,https://www.sec.gov/Archives/edgar/data/1730168/000173016825000121/,https://www.sec.gov/Archives/edgar/data/1730168/000173016825000121/avgo-20251102.htm,data/raw/sec_10k_html/top100/chunk_03/AVGO/2025_AVGO_10k.html,data/processed/sec_10k_text/top100/chunk_03/AVGO/2025_AVGO_10k.txt,51687,25,4.836806,primary_text_sample,TRUE,,,3674,Semiconductors & Related Devices,,,31-33,Manufacturing,sic_range_sector_crosswalk,success,,master_frame,TRUE,TRUE,TRUE,TRUE,63,2,0.031746,27,0.428571,3,0.047619,30,0.47619,1,0.015873,2,0.031746,27,0.428571,3,0.047619,30,0.47619,1,0.015873,6,0.095238,-0.380952,5,privacy_data_law_protection,business_product_service_revenue,cybersecurity_attacks_security_threats,ai_cloud_platform_infrastructure,ai_use_legal_regulatory_risk,3,ai_cloud_platform_infrastructure
71,Delta Air Lines,DAL,27904,0000027904,2025,success,,10-K,2026-02-11,2025-12-31,0000027904-26-000013,dal-20251231.htm,https://www.sec.gov/Archives/edgar/data/27904/000002790426000013/,https://www.sec.gov/Archives/edgar/data/27904/000002790426000013/dal-20251231.htm,data/raw/sec_10k_html/top100/chunk_03/DAL/2025_DAL_10k.html,data/processed/sec_10k_text/top100/chunk_03/DAL/2025_DAL_10k.txt,50529,1,0.197906,primary_text_sample,TRUE,,,4512,"Air Transportation, Scheduled",,,48-49,Transportation and Warehousing,sic_range_sector_crosswalk,success,,master_frame,TRUE,TRUE,TRUE,TRUE,12,3,0.25,0,0.0,2,0.166667,5,0.416667,2,0.166667,3,0.25,0,0.0,2,0.166667,5,0.416667,2,0.166667,7,0.583334,0.166667,5,privacy_data_law_protection,business_product_service_revenue,cybersecurity_attacks_security_threats,ai_cloud_platform_infrastructure,ai_use_legal_regulatory_risk,3,ai_cloud_platform_infrastructure
73,Pfizer,PFE,78003,0000078003,2023,success,,10-K,2024-02-22,2023-12-31,0000078003-24-000039,pfe-20231231.htm,https://www.sec.gov/Archives/edgar/data/78003/000007800324000039/,https://www.sec.gov/Archives/edgar/data/78003/000007800324000039/pfe-20231231.htm,data/raw/sec_10k_html/top100/chunk_03/PFE/2023_PFE_10k.html,data/processed/sec_10k_text/top100/chunk_03/PFE/2023_PFE_10k.txt,97002,6,0.618544,primary_text_sample,TRUE,,,2834,Pharmaceutical Preparations,,,31-33,Manufacturing,sic_range_sector_crosswalk,success,,master_frame,TRUE,TRUE,TRUE,TRUE,6,1,0.166667,0,0.0,2,0.333333,0,0.0,3,0.5,1,0.166667,0,0.0,2,0.333333,0,0.0,3,0.5,6,1.0,1.0,5,privacy_data_law_protection,business_product_service_revenue,cybersecurity_attacks_security_threats,ai_cloud_platform_infrastructure,ai_use_legal_regulatory_risk,4,ai_use_legal_regulatory_risk
73,Pfizer,PFE,78003,0000078003,2024,success,,10-K,2025-02-27,2024-12-31,0000078003-25-000054,pfe-20241231.htm,https://www.sec.gov/Archives/edgar/data/78003/000007800325000054/,https://www.sec.gov/Archives/edgar/data/78003/000007800325000054/pfe-20241231.htm,data/raw/sec_10k_html/top100/chunk_03/PFE/2024_PFE_10k.html,data/processed/sec_10k_text/top100/chunk_03/PFE/2024_PFE_10k.txt,94777,1,0.105511,primary_text_sample,TRUE,,,2834,Pharmaceutical Preparations,,,31-33,Manufacturing,sic_range_sector_crosswalk,success,,master_frame,TRUE,TRUE,TRUE,TRUE,9,2,0.222222,2,0.222222,2,0.222222,0,0.0,3,0.333333,2,0.222222,2,0.222222,2,0.222222,0,0.0,3,0.333333,7,0.777777,0.777778,5,privacy_data_law_protection,business_product_service_revenue,cybersecurity_attacks_security_threats,ai_cloud_platform_infrastructure,ai_use_legal_regulatory_risk,4,ai_use_legal_regulatory_risk
73,Pfizer,PFE,78003,0000078003,2025,success,,10-K,2026-02-26,2025-12-31,0000078003-26-000026,pfe-20251231.htm,https://www.sec.gov/Archives/edgar/data/78003/000007800326000026/,https://www.sec.gov/Archives/edgar/data/78003/000007800326000026/pfe-20251231.htm,data/raw/sec_10k_html/top100/chunk_03/PFE/2025_PFE_10k.html,data/processed/sec_10k_text/top100/chunk_03/PFE/2025_PFE_10k.txt,93563,9,0.961919,primary_text_sample,TRUE,,,2834,Pharmaceutical Preparations,,,31-33,Manufacturing,sic_range_sector_crosswalk,success,,master_frame,TRUE,TRUE,TRUE,TRUE,31,4,0.129032,8,0.258065,1,0.032258,1,0.032258,17,0.548387,4,0.129032,8,0.258065,1,0.032258,1,0.032258,17,0.548387,22,0.709677,0.677419,5,privacy_data_law_protection,business_product_service_revenue,cybersecurity_attacks_security_threats,ai_cloud_platform_infrastructure,ai_use_legal_regulatory_risk,4,ai_use_legal_regulatory_risk
74,TD Synnex,SNX,1177394,0001177394,2023,success,,10-K,2024-01-26,2023-11-30,0001177394-24-000014,snx-20231130.htm,https://www.sec.gov/Archives/edgar/data/1177394/000117739424000014/,https://www.sec.gov/Archives/edgar/data/1177394/000117739424000014/snx-20231130.htm,data/raw/sec_10k_html/top100/chunk_03/SNX/2023_SNX_10k.html,data/processed/sec_10k_text/top100/chunk_03/SNX/2023_SNX_10k.txt,53242,4,0.751287,primary_text_sample,TRUE,,,5045,Wholesale-Computers & Peripheral Equipment & Software,,,42,Wholesale Trade,sic_range_sector_crosswalk,success,,master_frame,TRUE,TRUE,TRUE,TRUE,5,0,0.0,2,0.4,0,0.0,3,0.6,0,0.0,0,0.0,2,0.4,0,0.0,3,0.6,0,0.0,0,0.0,-0.6,5,privacy_data_law_protection,business_product_service_revenue,cybersecurity_attacks_security_threats,ai_cloud_platform_infrastructure,ai_use_legal_regulatory_risk,3,ai_cloud_platform_infrastructure
74,TD Synnex,SNX,1177394,0001177394,2024,success,,10-K,2025-01-24,2024-11-30,0001177394-25-000009,snx-20241130.htm,https://www.sec.gov/Archives/edgar/data/1177394/000117739425000009/,https://www.sec.gov/Archives/edgar/data/1177394/000117739425000009/snx-20241130.htm,data/raw/sec_10k_html/top100/chunk_03/SNX/2024_SNX_10k.html,data/processed/sec_10k_text/top100/chunk_03/SNX/2024_SNX_10k.txt,50835,5,0.983574,primary_text_sample,TRUE,,,5045,Wholesale-Computers & Peripheral Equipment & Software,,,42,Wholesale Trade,sic_range_sector_crosswalk,success,,master_frame,TRUE,TRUE,TRUE,TRUE,6,0,0.0,3,0.5,1,0.166667,2,0.333333,0,0.0,0,0.0,3,0.5,1,0.166667,2,0.333333,0,0.0,1,0.166667,-0.166667,5,privacy_data_law_protection,business_product_service_revenue,cybersecurity_attacks_security_threats,ai_cloud_platform_infrastructure,ai_use_legal_regulatory_risk,1,business_product_service_revenue
74,TD Synnex,SNX,1177394,0001177394,2025,success,,10-K,2026-01-27,2025-11-30,0001628280-26-003598,snx-20251130.htm,https://www.sec.gov/Archives/edgar/data/1177394/000162828026003598/,https://www.sec.gov/Archives/edgar/data/1177394/000162828026003598/snx-20251130.htm,data/raw/sec_10k_html/top100/chunk_03/SNX/2025_SNX_10k.html,data/processed/sec_10k_text/top100/chunk_03/SNX/2025_SNX_10k.txt,52377,5,0.954617,primary_text_sample,TRUE,,,5045,Wholesale-Computers & Peripheral Equipment & Software,,,42,Wholesale Trade,sic_range_sector_crosswalk,success,,master_frame,TRUE,TRUE,TRUE,TRUE,20,1,0.05,3,0.15,1,0.05,4,0.2,11,0.55,1,0.05,3,0.15,1,0.05,4,0.2,11,0.55,13,0.65,0.45,5,privacy_data_law_protection,business_product_service_revenue,cybersecurity_attacks_security_threats,ai_cloud_platform_infrastructure,ai_use_legal_regulatory_risk,4,ai_use_legal_regulatory_risk
75,ConocoPhillips,COP,1163165,0001163165,2023,success,,10-K,2024-02-15,2023-12-31,0001163165-24-000010,cop-20231231.htm,https://www.sec.gov/Archives/edgar/data/1163165/000116316524000010/,https://www.sec.gov/Archives/edgar/data/1163165/000116316524000010/cop-20231231.htm,data/raw/sec_10k_html/top100/chunk_03/COP/2023_COP_10k.html,data/processed/sec_10k_text/top100/chunk_03/COP/2023_COP_10k.txt,73643,1,0.13579,primary_text_sample,TRUE,,,2911,Petroleum Refining,,,31-33,Manufacturing,sic_range_sector_crosswalk,success,,master_frame,TRUE,TRUE,TRUE,TRUE,1,0,0.0,0,0.0,1,1.0,0,0.0,0,0.0,0,0.0,0,0.0,1,1.0,0,0.0,0,0.0,1,1.0,1.0,5,privacy_data_law_protection,business_product_service_revenue,cybersecurity_attacks_security_threats,ai_cloud_platform_infrastructure,ai_use_legal_regulatory_risk,2,cybersecurity_attacks_security_threats
75,ConocoPhillips,COP,1163165,0001163165,2024,success,,10-K,2025-02-18,2024-12-31,0001163165-25-000012,cop-20241231.htm,https://www.sec.gov/Archives/edgar/data/1163165/000116316525000012/,https://www.sec.gov/Archives/edgar/data/1163165/000116316525000012/cop-20241231.htm,data/raw/sec_10k_html/top100/chunk_03/COP/2024_COP_10k.html,data/processed/sec_10k_text/top100/chunk_03/COP/2024_COP_10k.txt,74434,1,0.134347,primary_text_sample,TRUE,,,2911,Petroleum Refining,,,31-33,Manufacturing,sic_range_sector_crosswalk,success,,master_frame,TRUE,TRUE,TRUE,TRUE,1,0,0.0,0,0.0,1,1.0,0,0.0,0,0.0,0,0.0,0,0.0,1,1.0,0,0.0,0,0.0,1,1.0,1.0,5,privacy_data_law_protection,business_product_service_revenue,cybersecurity_attacks_security_threats,ai_cloud_platform_infrastructure,ai_use_legal_regulatory_risk,2,cybersecurity_attacks_security_threats
75,ConocoPhillips,COP,1163165,0001163165,2025,success,,10-K,2026-02-17,2025-12-31,0001163165-26-000009,cop-20251231.htm,https://www.sec.gov/Archives/edgar/data/1163165/000116316526000009/,https://www.sec.gov/Archives/edgar/data/1163165/000116316526000009/cop-20251231.htm,data/raw/sec_10k_html/top100/chunk_03/COP/2025_COP_10k.html,data/processed/sec_10k_text/top100/chunk_03/COP/2025_COP_10k.txt,69081,1,0.144758,primary_text_sample,TRUE,,,2911,Petroleum Refining,,,31-33,Manufacturing,sic_range_sector_crosswalk,success,,master_frame,TRUE,TRUE,TRUE,TRUE,1,0,0.0,0,0.0,1,1.0,0,0.0,0,0.0,0,0.0,0,0.0,1,1.0,0,0.0,0,0.0,1,1.0,1.0,5,privacy_data_law_protection,business_product_service_revenue,cybersecurity_attacks_security_threats,ai_cloud_platform_infrastructure,ai_use_legal_regulatory_risk,2,cybersecurity_attacks_security_threats
76,Galaxy Digital,GLXY,1859392,0001859392,2025,success,,10-K,2026-02-26,2025-12-31,0001859392-26-000016,glxy-20251231.htm,https://www.sec.gov/Archives/edgar/data/1859392/000185939226000016/,https://www.sec.gov/Archives/edgar/data/1859392/000185939226000016/glxy-20251231.htm,data/raw/sec_10k_html/top100/chunk_04/GLXY/2025_GLXY_10k.html,data/processed/sec_10k_text/top100/chunk_04/GLXY/2025_GLXY_10k.txt,114225,10,0.875465,primary_text_sample,TRUE,,,6211,"Security Brokers, Dealers & Flotation Companies",,,52,Finance and Insurance,sic_range_sector_crosswalk,success,,master_frame,TRUE,TRUE,TRUE,TRUE,80,3,0.0375,45,0.5625,3,0.0375,13,0.1625,16,0.2,3,0.0375,45,0.5625,3,0.0375,13,0.1625,16,0.2,22,0.275,0.1125,5,privacy_data_law_protection,business_product_service_revenue,cybersecurity_attacks_security_threats,ai_cloud_platform_infrastructure,ai_use_legal_regulatory_risk,1,business_product_service_revenue
77,AbbVie,ABBV,1551152,0001551152,2024,success,,10-K,2025-02-14,2024-12-31,0001551152-25-000020,abbv-20241231.htm,https://www.sec.gov/Archives/edgar/data/1551152/000155115225000020/,https://www.sec.gov/Archives/edgar/data/1551152/000155115225000020/abbv-20241231.htm,data/raw/sec_10k_html/top100/chunk_04/ABBV/2024_ABBV_10k.html,data/processed/sec_10k_text/top100/chunk_04/ABBV/2024_ABBV_10k.txt,61066,2,0.327514,primary_text_sample,TRUE,,,2834,Pharmaceutical Preparations,,,31-33,Manufacturing,sic_range_sector_crosswalk,success,,master_frame,TRUE,TRUE,TRUE,TRUE,4,1,0.25,1,0.25,0,0.0,0,0.0,2,0.5,1,0.25,1,0.25,0,0.0,0,0.0,2,0.5,3,0.75,0.75,5,privacy_data_law_protection,business_product_service_revenue,cybersecurity_attacks_security_threats,ai_cloud_platform_infrastructure,ai_use_legal_regulatory_risk,4,ai_use_legal_regulatory_risk
77,AbbVie,ABBV,1551152,0001551152,2025,success,,10-K,2026-02-20,2025-12-31,0001551152-26-000008,abbv-20251231.htm,https://www.sec.gov/Archives/edgar/data/1551152/000155115226000008/,https://www.sec.gov/Archives/edgar/data/1551152/000155115226000008/abbv-20251231.htm,data/raw/sec_10k_html/top100/chunk_04/ABBV/2025_ABBV_10k.html,data/processed/sec_10k_text/top100/chunk_04/ABBV/2025_ABBV_10k.txt,60431,2,0.330956,primary_text_sample,TRUE,,,2834,Pharmaceutical Preparations,,,31-33,Manufacturing,sic_range_sector_crosswalk,success,,master_frame,TRUE,TRUE,TRUE,TRUE,5,1,0.2,1,0.2,1,0.2,1,0.2,1,0.2,1,0.2,1,0.2,1,0.2,1,0.2,1,0.2,3,0.6,0.4,5,privacy_data_law_protection,business_product_service_revenue,cybersecurity_attacks_security_threats,ai_cloud_platform_infrastructure,ai_use_legal_regulatory_risk,0,privacy_data_law_protection
78,Prudential Financial,PRU,1137774,0001137774,2023,success,,10-K,2024-02-21,2023-12-31,0001137774-24-000045,pru-20231231.htm,https://www.sec.gov/Archives/edgar/data/1137774/000113777424000045/,https://www.sec.gov/Archives/edgar/data/1137774/000113777424000045/pru-20231231.htm,data/raw/sec_10k_html/top100/chunk_04/PRU/2023_PRU_10k.html,data/processed/sec_10k_text/top100/chunk_04/PRU/2023_PRU_10k.txt,192321,15,0.779946,primary_text_sample,TRUE,,,6311,Life Insurance,,,52,Finance and Insurance,sic_range_sector_crosswalk,success,,master_frame,TRUE,TRUE,TRUE,TRUE,10,1,0.1,2,0.2,2,0.2,0,0.0,5,0.5,1,0.1,2,0.2,2,0.2,0,0.0,5,0.5,8,0.8,0.8,5,privacy_data_law_protection,business_product_service_revenue,cybersecurity_attacks_security_threats,ai_cloud_platform_infrastructure,ai_use_legal_regulatory_risk,4,ai_use_legal_regulatory_risk
78,Prudential Financial,PRU,1137774,0001137774,2024,success,,10-K,2025-02-13,2024-12-31,0001137774-25-000044,pru-20241231.htm,https://www.sec.gov/Archives/edgar/data/1137774/000113777425000044/,https://www.sec.gov/Archives/edgar/data/1137774/000113777425000044/pru-20241231.htm,data/raw/sec_10k_html/top100/chunk_04/PRU/2024_PRU_10k.html,data/processed/sec_10k_text/top100/chunk_04/PRU/2024_PRU_10k.txt,180881,20,1.105699,primary_text_sample,TRUE,,,6311,Life Insurance,,,52,Finance and Insurance,sic_range_sector_crosswalk,success,,master_frame,TRUE,TRUE,TRUE,TRUE,20,3,0.15,2,0.1,2,0.1,0,0.0,13,0.65,3,0.15,2,0.1,2,0.1,0,0.0,13,0.65,18,0.9,0.9,5,privacy_data_law_protection,business_product_service_revenue,cybersecurity_attacks_security_threats,ai_cloud_platform_infrastructure,ai_use_legal_regulatory_risk,4,ai_use_legal_regulatory_risk
78,Prudential Financial,PRU,1137774,0001137774,2025,success,,10-K,2026-02-12,2025-12-31,0001137774-26-000048,pru-20251231.htm,https://www.sec.gov/Archives/edgar/data/1137774/000113777426000048/,https://www.sec.gov/Archives/edgar/data/1137774/000113777426000048/pru-20251231.htm,data/raw/sec_10k_html/top100/chunk_04/PRU/2025_PRU_10k.html,data/processed/sec_10k_text/top100/chunk_04/PRU/2025_PRU_10k.txt,165465,12,0.725229,primary_text_sample,TRUE,,,6311,Life Insurance,,,52,Finance and Insurance,sic_range_sector_crosswalk,success,,master_frame,TRUE,TRUE,TRUE,TRUE,23,2,0.086957,2,0.086957,7,0.304348,0,0.0,12,0.521739,2,0.086957,2,0.086957,7,0.304348,0,0.0,12,0.521739,21,0.913044,0.913043,5,privacy_data_law_protection,business_product_service_revenue,cybersecurity_attacks_security_threats,ai_cloud_platform_infrastructure,ai_use_legal_regulatory_risk,4,ai_use_legal_regulatory_risk
79,TJX,TJX,109198,0000109198,2025,success,,10-K,2025-04-02,2025-02-01,0000109198-25-000010,tjx-20250201.htm,https://www.sec.gov/Archives/edgar/data/109198/000010919825000010/,https://www.sec.gov/Archives/edgar/data/109198/000010919825000010/tjx-20250201.htm,data/raw/sec_10k_html/top100/chunk_04/TJX/2025_TJX_10k.html,data/processed/sec_10k_text/top100/chunk_04/TJX/2025_TJX_10k.txt,42090,4,0.950344,primary_text_sample,TRUE,,,5651,Retail-Family Clothing Stores,,,44-45,Retail Trade,sic_range_sector_crosswalk,success,,master_frame,TRUE,TRUE,TRUE,TRUE,4,0,0.0,2,0.5,2,0.5,0,0.0,0,0.0,0,0.0,2,0.5,2,0.5,0,0.0,0,0.0,2,0.5,0.5,5,privacy_data_law_protection,business_product_service_revenue,cybersecurity_attacks_security_threats,ai_cloud_platform_infrastructure,ai_use_legal_regulatory_risk,1,business_product_service_revenue
80,Performance Food Group,PFGC,1618673,0001618673,2024,success,,10-K,2024-08-14,2024-06-29,0000950170-24-097033,pfgc-20240629.htm,https://www.sec.gov/Archives/edgar/data/1618673/000095017024097033/,https://www.sec.gov/Archives/edgar/data/1618673/000095017024097033/pfgc-20240629.htm,data/raw/sec_10k_html/top100/chunk_04/PFGC/2024_PFGC_10k.html,data/processed/sec_10k_text/top100/chunk_04/PFGC/2024_PFGC_10k.txt,49297,2,0.405704,primary_text_sample,TRUE,,,5141,"Wholesale-Groceries, General Line",,,42,Wholesale Trade,sic_range_sector_crosswalk,success,,master_frame,TRUE,TRUE,TRUE,TRUE,3,0,0.0,0,0.0,1,0.333333,0,0.0,2,0.666667,0,0.0,0,0.0,1,0.333333,0,0.0,2,0.666667,3,1.0,1.0,5,privacy_data_law_protection,business_product_service_revenue,cybersecurity_attacks_security_threats,ai_cloud_platform_infrastructure,ai_use_legal_regulatory_risk,4,ai_use_legal_regulatory_risk
80,Performance Food Group,PFGC,1618673,0001618673,2025,success,,10-K,2025-08-13,2025-06-28,0001618673-25-000012,pfgc-20250628.htm,https://www.sec.gov/Archives/edgar/data/1618673/000161867325000012/,https://www.sec.gov/Archives/edgar/data/1618673/000161867325000012/pfgc-20250628.htm,data/raw/sec_10k_html/top100/chunk_04/PFGC/2025_PFGC_10k.html,data/processed/sec_10k_text/top100/chunk_04/PFGC/2025_PFGC_10k.txt,49025,4,0.81591,primary_text_sample,TRUE,,,5141,"Wholesale-Groceries, General Line",,,42,Wholesale Trade,sic_range_sector_crosswalk,success,,master_frame,TRUE,TRUE,TRUE,TRUE,10,2,0.2,0,0.0,2,0.2,0,0.0,6,0.6,2,0.2,0,0.0,2,0.2,0,0.0,6,0.6,10,1.0,1.0,5,privacy_data_law_protection,business_product_service_revenue,cybersecurity_attacks_security_threats,ai_cloud_platform_infrastructure,ai_use_legal_regulatory_risk,4,ai_use_legal_regulatory_risk
81,United Airlines Holdings,UAL,100517,0000100517,2023,success,,10-K,2024-02-29,2023-12-31,0000100517-24-000027,ual-20231231.htm,https://www.sec.gov/Archives/edgar/data/100517/000010051724000027/,https://www.sec.gov/Archives/edgar/data/100517/000010051724000027/ual-20231231.htm,data/raw/sec_10k_html/top100/chunk_04/UAL/2023_UAL_10k.html,data/processed/sec_10k_text/top100/chunk_04/UAL/2023_UAL_10k.txt,67091,1,0.149051,primary_text_sample,TRUE,,,4512,"Air Transportation, Scheduled",,,48-49,Transportation and Warehousing,sic_range_sector_crosswalk,success,,master_frame,TRUE,TRUE,TRUE,TRUE,6,0,0.0,0,0.0,2,0.333333,0,0.0,4,0.666667,0,0.0,0,0.0,2,0.333333,0,0.0,4,0.666667,6,1.0,1.0,5,privacy_data_law_protection,business_product_service_revenue,cybersecurity_attacks_security_threats,ai_cloud_platform_infrastructure,ai_use_legal_regulatory_risk,4,ai_use_legal_regulatory_risk
81,United Airlines Holdings,UAL,100517,0000100517,2024,success,,10-K,2025-02-27,2024-12-31,0000100517-25-000046,ual-20241231.htm,https://www.sec.gov/Archives/edgar/data/100517/000010051725000046/,https://www.sec.gov/Archives/edgar/data/100517/000010051725000046/ual-20241231.htm,data/raw/sec_10k_html/top100/chunk_04/UAL/2024_UAL_10k.html,data/processed/sec_10k_text/top100/chunk_04/UAL/2024_UAL_10k.txt,62933,1,0.158899,primary_text_sample,TRUE,,,4512,"Air Transportation, Scheduled",,,48-49,Transportation and Warehousing,sic_range_sector_crosswalk,success,,master_frame,TRUE,TRUE,TRUE,TRUE,7,0,0.0,1,0.142857,2,0.285714,0,0.0,4,0.571429,0,0.0,1,0.142857,2,0.285714,0,0.0,4,0.571429,6,0.857143,0.857143,5,privacy_data_law_protection,business_product_service_revenue,cybersecurity_attacks_security_threats,ai_cloud_platform_infrastructure,ai_use_legal_regulatory_risk,4,ai_use_legal_regulatory_risk
81,United Airlines Holdings,UAL,100517,0000100517,2025,success,,10-K,2026-02-12,2025-12-31,0000100517-26-000023,ual-20251231.htm,https://www.sec.gov/Archives/edgar/data/100517/000010051726000023/,https://www.sec.gov/Archives/edgar/data/100517/000010051726000023/ual-20251231.htm,data/raw/sec_10k_html/top100/chunk_04/UAL/2025_UAL_10k.html,data/processed/sec_10k_text/top100/chunk_04/UAL/2025_UAL_10k.txt,63309,1,0.157955,primary_text_sample,TRUE,,,4512,"Air Transportation, Scheduled",,,48-49,Transportation and Warehousing,sic_range_sector_crosswalk,success,,master_frame,TRUE,TRUE,TRUE,TRUE,8,0,0.0,1,0.125,2,0.25,0,0.0,5,0.625,0,0.0,1,0.125,2,0.25,0,0.0,5,0.625,7,0.875,0.875,5,privacy_data_law_protection,business_product_service_revenue,cybersecurity_attacks_security_threats,ai_cloud_platform_infrastructure,ai_use_legal_regulatory_risk,4,ai_use_legal_regulatory_risk
82,Oracle,ORCL,1341439,0001341439,2023,success,,10-K,2023-06-20,2023-05-31,0000950170-23-028914,orcl-20230531.htm,https://www.sec.gov/Archives/edgar/data/1341439/000095017023028914/,https://www.sec.gov/Archives/edgar/data/1341439/000095017023028914/orcl-20230531.htm,data/raw/sec_10k_html/top100/chunk_04/ORCL/2023_ORCL_10k.html,data/processed/sec_10k_text/top100/chunk_04/ORCL/2023_ORCL_10k.txt,61294,12,1.957777,primary_text_sample,TRUE,,,7372,Services-Prepackaged Software,,,51,Information,sic_exact_sector_override,success,,master_frame,TRUE,TRUE,TRUE,TRUE,13,0,0.0,3,0.230769,0,0.0,10,0.769231,0,0.0,0,0.0,3,0.230769,0,0.0,10,0.769231,0,0.0,0,0.0,-0.769231,5,privacy_data_law_protection,business_product_service_revenue,cybersecurity_attacks_security_threats,ai_cloud_platform_infrastructure,ai_use_legal_regulatory_risk,3,ai_cloud_platform_infrastructure
82,Oracle,ORCL,1341439,0001341439,2024,success,,10-K,2024-06-20,2024-05-31,0000950170-24-075605,orcl-20240531.htm,https://www.sec.gov/Archives/edgar/data/1341439/000095017024075605/,https://www.sec.gov/Archives/edgar/data/1341439/000095017024075605/orcl-20240531.htm,data/raw/sec_10k_html/top100/chunk_04/ORCL/2024_ORCL_10k.html,data/processed/sec_10k_text/top100/chunk_04/ORCL/2024_ORCL_10k.txt,59482,19,3.194244,primary_text_sample,TRUE,,,7372,Services-Prepackaged Software,,,51,Information,sic_exact_sector_override,success,,master_frame,TRUE,TRUE,TRUE,TRUE,23,2,0.086957,3,0.130435,0,0.0,14,0.608696,4,0.173913,2,0.086957,3,0.130435,0,0.0,14,0.608696,4,0.173913,6,0.26087,-0.347826,5,privacy_data_law_protection,business_product_service_revenue,cybersecurity_attacks_security_threats,ai_cloud_platform_infrastructure,ai_use_legal_regulatory_risk,3,ai_cloud_platform_infrastructure
82,Oracle,ORCL,1341439,0001341439,2025,success,,10-K,2025-06-18,2025-05-31,0000950170-25-087926,orcl-20250531.htm,https://www.sec.gov/Archives/edgar/data/1341439/000095017025087926/,https://www.sec.gov/Archives/edgar/data/1341439/000095017025087926/orcl-20250531.htm,data/raw/sec_10k_html/top100/chunk_04/ORCL/2025_ORCL_10k.html,data/processed/sec_10k_text/top100/chunk_04/ORCL/2025_ORCL_10k.txt,58659,21,3.580013,primary_text_sample,TRUE,,,7372,Services-Prepackaged Software,,,51,Information,sic_exact_sector_override,success,,master_frame,TRUE,TRUE,TRUE,TRUE,30,4,0.133333,7,0.233333,0,0.0,14,0.466667,5,0.166667,4,0.133333,7,0.233333,0,0.0,14,0.466667,5,0.166667,9,0.3,-0.166667,5,privacy_data_law_protection,business_product_service_revenue,cybersecurity_attacks_security_threats,ai_cloud_platform_infrastructure,ai_use_legal_regulatory_risk,3,ai_cloud_platform_infrastructure
83,Cisco Systems,CSCO,858877,0000858877,2023,success,,10-K,2023-09-07,2023-07-29,0000858877-23-000023,csco-20230729.htm,https://www.sec.gov/Archives/edgar/data/858877/000085887723000023/,https://www.sec.gov/Archives/edgar/data/858877/000085887723000023/csco-20230729.htm,data/raw/sec_10k_html/top100/chunk_04/CSCO/2023_CSCO_10k.html,data/processed/sec_10k_text/top100/chunk_04/CSCO/2023_CSCO_10k.txt,56126,14,2.494388,primary_text_sample,TRUE,,,3576,Computer Communications Equipment,,,31-33,Manufacturing,sic_range_sector_crosswalk,success,,master_frame,TRUE,TRUE,TRUE,TRUE,21,2,0.095238,1,0.047619,1,0.047619,11,0.52381,6,0.285714,2,0.095238,1,0.047619,1,0.047619,11,0.52381,6,0.285714,9,0.428571,-0.095238,5,privacy_data_law_protection,business_product_service_revenue,cybersecurity_attacks_security_threats,ai_cloud_platform_infrastructure,ai_use_legal_regulatory_risk,3,ai_cloud_platform_infrastructure
83,Cisco Systems,CSCO,858877,0000858877,2024,success,,10-K,2024-09-05,2024-07-27,0000858877-24-000017,csco-20240727.htm,https://www.sec.gov/Archives/edgar/data/858877/000085887724000017/,https://www.sec.gov/Archives/edgar/data/858877/000085887724000017/csco-20240727.htm,data/raw/sec_10k_html/top100/chunk_04/CSCO/2024_CSCO_10k.html,data/processed/sec_10k_text/top100/chunk_04/CSCO/2024_CSCO_10k.txt,58798,10,1.700738,primary_text_sample,TRUE,,,3576,Computer Communications Equipment,,,31-33,Manufacturing,sic_range_sector_crosswalk,success,,master_frame,TRUE,TRUE,TRUE,TRUE,26,3,0.115385,4,0.153846,3,0.115385,7,0.269231,9,0.346154,3,0.115385,4,0.153846,3,0.115385,7,0.269231,9,0.346154,15,0.576924,0.307692,5,privacy_data_law_protection,business_product_service_revenue,cybersecurity_attacks_security_threats,ai_cloud_platform_infrastructure,ai_use_legal_regulatory_risk,4,ai_use_legal_regulatory_risk
83,Cisco Systems,CSCO,858877,0000858877,2025,success,,10-K,2025-09-03,2025-07-26,0000858877-25-000111,csco-20250726.htm,https://www.sec.gov/Archives/edgar/data/858877/000085887725000111/,https://www.sec.gov/Archives/edgar/data/858877/000085887725000111/csco-20250726.htm,data/raw/sec_10k_html/top100/chunk_04/CSCO/2025_CSCO_10k.html,data/processed/sec_10k_text/top100/chunk_04/CSCO/2025_CSCO_10k.txt,56604,9,1.589994,primary_text_sample,TRUE,,,3576,Computer Communications Equipment,,,31-33,Manufacturing,sic_range_sector_crosswalk,success,,master_frame,TRUE,TRUE,TRUE,TRUE,47,2,0.042553,8,0.170213,5,0.106383,19,0.404255,13,0.276596,2,0.042553,8,0.170213,5,0.106383,19,0.404255,13,0.276596,20,0.425532,0.021277,5,privacy_data_law_protection,business_product_service_revenue,cybersecurity_attacks_security_threats,ai_cloud_platform_infrastructure,ai_use_legal_regulatory_risk,3,ai_cloud_platform_infrastructure
84,HP,HPQ,47217,0000047217,2023,success,,10-K,2023-12-18,2023-10-31,0000047217-23-000100,hpq-20231031.htm,https://www.sec.gov/Archives/edgar/data/47217/000004721723000100/,https://www.sec.gov/Archives/edgar/data/47217/000004721723000100/hpq-20231031.htm,data/raw/sec_10k_html/top100/chunk_04/HPQ/2023_HPQ_10k.html,data/processed/sec_10k_text/top100/chunk_04/HPQ/2023_HPQ_10k.txt,63037,8,1.269096,primary_text_sample,TRUE,,,3570,Computer & office Equipment,,,31-33,Manufacturing,sic_range_sector_crosswalk,success,,master_frame,TRUE,TRUE,TRUE,TRUE,19,1,0.052632,8,0.421053,0,0.0,1,0.052632,9,0.473684,1,0.052632,8,0.421053,0,0.0,1,0.052632,9,0.473684,10,0.526316,0.473684,5,privacy_data_law_protection,business_product_service_revenue,cybersecurity_attacks_security_threats,ai_cloud_platform_infrastructure,ai_use_legal_regulatory_risk,4,ai_use_legal_regulatory_risk
84,HP,HPQ,47217,0000047217,2024,success,,10-K,2024-12-13,2024-10-31,0000047217-24-000080,hpq-20241031.htm,https://www.sec.gov/Archives/edgar/data/47217/000004721724000080/,https://www.sec.gov/Archives/edgar/data/47217/000004721724000080/hpq-20241031.htm,data/raw/sec_10k_html/top100/chunk_04/HPQ/2024_HPQ_10k.html,data/processed/sec_10k_text/top100/chunk_04/HPQ/2024_HPQ_10k.txt,59762,7,1.171313,primary_text_sample,TRUE,,,3570,Computer & office Equipment,,,31-33,Manufacturing,sic_range_sector_crosswalk,success,,master_frame,TRUE,TRUE,TRUE,TRUE,33,1,0.030303,9,0.272727,4,0.121212,6,0.181818,13,0.393939,1,0.030303,9,0.272727,4,0.121212,6,0.181818,13,0.393939,18,0.545454,0.363636,5,privacy_data_law_protection,business_product_service_revenue,cybersecurity_attacks_security_threats,ai_cloud_platform_infrastructure,ai_use_legal_regulatory_risk,4,ai_use_legal_regulatory_risk
84,HP,HPQ,47217,0000047217,2025,success,,10-K,2025-12-10,2025-10-31,0000047217-25-000071,hpq-20251031.htm,https://www.sec.gov/Archives/edgar/data/47217/000004721725000071/,https://www.sec.gov/Archives/edgar/data/47217/000004721725000071/hpq-20251031.htm,data/raw/sec_10k_html/top100/chunk_04/HPQ/2025_HPQ_10k.html,data/processed/sec_10k_text/top100/chunk_04/HPQ/2025_HPQ_10k.txt,59344,9,1.516581,primary_text_sample,TRUE,,,3570,Computer & office Equipment,,,31-33,Manufacturing,sic_range_sector_crosswalk,success,,master_frame,TRUE,TRUE,TRUE,TRUE,38,1,0.026316,15,0.394737,4,0.105263,5,0.131579,13,0.342105,1,0.026316,15,0.394737,4,0.105263,5,0.131579,13,0.342105,18,0.473684,0.342105,5,privacy_data_law_protection,business_product_service_revenue,cybersecurity_attacks_security_threats,ai_cloud_platform_infrastructure,ai_use_legal_regulatory_risk,1,business_product_service_revenue
85,Charter Communications,CHTR,1091667,0001091667,2023,success,,10-K,2024-02-02,2023-12-31,0001091667-24-000028,chtr-20231231.htm,https://www.sec.gov/Archives/edgar/data/1091667/000109166724000028/,https://www.sec.gov/Archives/edgar/data/1091667/000109166724000028/chtr-20231231.htm,data/raw/sec_10k_html/top100/chunk_04/CHTR/2023_CHTR_10k.html,data/processed/sec_10k_text/top100/chunk_04/CHTR/2023_CHTR_10k.txt,59298,1,0.16864,primary_text_sample,TRUE,,,4841,Cable & Other Pay Television Services,,,51,Information,sic_exact_sector_override,success,,master_frame,TRUE,TRUE,TRUE,TRUE,9,0,0.0,1,0.111111,1,0.111111,0,0.0,7,0.777778,0,0.0,1,0.111111,1,0.111111,0,0.0,7,0.777778,8,0.888889,0.888889,5,privacy_data_law_protection,business_product_service_revenue,cybersecurity_attacks_security_threats,ai_cloud_platform_infrastructure,ai_use_legal_regulatory_risk,4,ai_use_legal_regulatory_risk
85,Charter Communications,CHTR,1091667,0001091667,2024,success,,10-K,2025-01-31,2024-12-31,0001091667-25-000034,chtr-20241231.htm,https://www.sec.gov/Archives/edgar/data/1091667/000109166725000034/,https://www.sec.gov/Archives/edgar/data/1091667/000109166725000034/chtr-20241231.htm,data/raw/sec_10k_html/top100/chunk_04/CHTR/2024_CHTR_10k.html,data/processed/sec_10k_text/top100/chunk_04/CHTR/2024_CHTR_10k.txt,65583,1,0.152479,primary_text_sample,TRUE,,,4841,Cable & Other Pay Television Services,,,51,Information,sic_exact_sector_override,success,,master_frame,TRUE,TRUE,TRUE,TRUE,9,0,0.0,1,0.111111,1,0.111111,0,0.0,7,0.777778,0,0.0,1,0.111111,1,0.111111,0,0.0,7,0.777778,8,0.888889,0.888889,5,privacy_data_law_protection,business_product_service_revenue,cybersecurity_attacks_security_threats,ai_cloud_platform_infrastructure,ai_use_legal_regulatory_risk,4,ai_use_legal_regulatory_risk
85,Charter Communications,CHTR,1091667,0001091667,2025,success,,10-K,2026-01-30,2025-12-31,0001091667-26-000017,chtr-20251231.htm,https://www.sec.gov/Archives/edgar/data/1091667/000109166726000017/,https://www.sec.gov/Archives/edgar/data/1091667/000109166726000017/chtr-20251231.htm,data/raw/sec_10k_html/top100/chunk_04/CHTR/2025_CHTR_10k.html,data/processed/sec_10k_text/top100/chunk_04/CHTR/2025_CHTR_10k.txt,70959,3,0.422779,primary_text_sample,TRUE,,,4841,Cable & Other Pay Television Services,,,51,Information,sic_exact_sector_override,success,,master_frame,TRUE,TRUE,TRUE,TRUE,12,3,0.25,1,0.083333,1,0.083333,0,0.0,7,0.583333,3,0.25,1,0.083333,1,0.083333,0,0.0,7,0.583333,11,0.916666,0.916667,5,privacy_data_law_protection,business_product_service_revenue,cybersecurity_attacks_security_threats,ai_cloud_platform_infrastructure,ai_use_legal_regulatory_risk,4,ai_use_legal_regulatory_risk
86,American Airlines Group,AAL,6201,0000006201,2023,success,,10-K,2024-02-21,2023-12-31,0000006201-24-000010,aal-20231231.htm,https://www.sec.gov/Archives/edgar/data/6201/000000620124000010/,https://www.sec.gov/Archives/edgar/data/6201/000000620124000010/aal-20231231.htm,data/raw/sec_10k_html/top100/chunk_04/AAL/2023_AAL_10k.html,data/processed/sec_10k_text/top100/chunk_04/AAL/2023_AAL_10k.txt,113989,1,0.087728,primary_text_sample,TRUE,,,4512,"Air Transportation, Scheduled",,,48-49,Transportation and Warehousing,sic_range_sector_crosswalk,success,,master_frame,TRUE,TRUE,TRUE,TRUE,1,0,0.0,1,1.0,0,0.0,0,0.0,0,0.0,0,0.0,1,1.0,0,0.0,0,0.0,0,0.0,0,0.0,0.0,5,privacy_data_law_protection,business_product_service_revenue,cybersecurity_attacks_security_threats,ai_cloud_platform_infrastructure,ai_use_legal_regulatory_risk,1,business_product_service_revenue
86,American Airlines Group,AAL,6201,0000006201,2024,success,,10-K,2025-02-19,2024-12-31,0000006201-25-000010,aal-20241231.htm,https://www.sec.gov/Archives/edgar/data/6201/000000620125000010/,https://www.sec.gov/Archives/edgar/data/6201/000000620125000010/aal-20241231.htm,data/raw/sec_10k_html/top100/chunk_04/AAL/2024_AAL_10k.html,data/processed/sec_10k_text/top100/chunk_04/AAL/2024_AAL_10k.txt,116587,11,0.943501,primary_text_sample,TRUE,,,4512,"Air Transportation, Scheduled",,,48-49,Transportation and Warehousing,sic_range_sector_crosswalk,success,,master_frame,TRUE,TRUE,TRUE,TRUE,21,2,0.095238,1,0.047619,7,0.333333,0,0.0,11,0.52381,2,0.095238,1,0.047619,7,0.333333,0,0.0,11,0.52381,20,0.952381,0.952381,5,privacy_data_law_protection,business_product_service_revenue,cybersecurity_attacks_security_threats,ai_cloud_platform_infrastructure,ai_use_legal_regulatory_risk,4,ai_use_legal_regulatory_risk
86,American Airlines Group,AAL,6201,0000006201,2025,success,,10-K,2026-02-18,2025-12-31,0000006201-26-000014,aal-20251231.htm,https://www.sec.gov/Archives/edgar/data/6201/000000620126000014/,https://www.sec.gov/Archives/edgar/data/6201/000000620126000014/aal-20251231.htm,data/raw/sec_10k_html/top100/chunk_04/AAL/2025_AAL_10k.html,data/processed/sec_10k_text/top100/chunk_04/AAL/2025_AAL_10k.txt,113451,16,1.4103,primary_text_sample,TRUE,,,4512,"Air Transportation, Scheduled",,,48-49,Transportation and Warehousing,sic_range_sector_crosswalk,success,,master_frame,TRUE,TRUE,TRUE,TRUE,28,3,0.107143,1,0.035714,7,0.25,0,0.0,17,0.607143,3,0.107143,1,0.035714,7,0.25,0,0.0,17,0.607143,27,0.964286,0.964286,5,privacy_data_law_protection,business_product_service_revenue,cybersecurity_attacks_security_threats,ai_cloud_platform_infrastructure,ai_use_legal_regulatory_risk,4,ai_use_legal_regulatory_risk
87,Tyson Foods,TSN,100493,0000100493,2023,success,,10-K,2023-11-13,2023-09-30,0000100493-23-000105,tsn-20230930.htm,https://www.sec.gov/Archives/edgar/data/100493/000010049323000105/,https://www.sec.gov/Archives/edgar/data/100493/000010049323000105/tsn-20230930.htm,data/raw/sec_10k_html/top100/chunk_04/TSN/2023_TSN_10k.html,data/processed/sec_10k_text/top100/chunk_04/TSN/2023_TSN_10k.txt,64621,6,0.928491,primary_text_sample,TRUE,,,2015,Poultry Slaughtering and Processing,,,31-33,Manufacturing,sic_range_sector_crosswalk,success,,master_frame,TRUE,TRUE,TRUE,TRUE,6,1,0.166667,4,0.666667,0,0.0,1,0.166667,0,0.0,1,0.166667,4,0.666667,0,0.0,1,0.166667,0,0.0,1,0.166667,0.0,5,privacy_data_law_protection,business_product_service_revenue,cybersecurity_attacks_security_threats,ai_cloud_platform_infrastructure,ai_use_legal_regulatory_risk,1,business_product_service_revenue
87,Tyson Foods,TSN,100493,0000100493,2024,success,,10-K,2024-11-12,2024-09-28,0000100493-24-000119,tsn-20240928.htm,https://www.sec.gov/Archives/edgar/data/100493/000010049324000119/,https://www.sec.gov/Archives/edgar/data/100493/000010049324000119/tsn-20240928.htm,data/raw/sec_10k_html/top100/chunk_04/TSN/2024_TSN_10k.html,data/processed/sec_10k_text/top100/chunk_04/TSN/2024_TSN_10k.txt,61212,2,0.326733,primary_text_sample,TRUE,,,2015,Poultry Slaughtering and Processing,,,31-33,Manufacturing,sic_range_sector_crosswalk,success,,master_frame,TRUE,TRUE,TRUE,TRUE,3,1,0.333333,0,0.0,1,0.333333,1,0.333333,0,0.0,1,0.333333,0,0.0,1,0.333333,1,0.333333,0,0.0,2,0.666666,0.333333,5,privacy_data_law_protection,business_product_service_revenue,cybersecurity_attacks_security_threats,ai_cloud_platform_infrastructure,ai_use_legal_regulatory_risk,0,privacy_data_law_protection
87,Tyson Foods,TSN,100493,0000100493,2025,success,,10-K,2025-11-10,2025-09-27,0000100493-25-000095,tsn-20250927.htm,https://www.sec.gov/Archives/edgar/data/100493/000010049325000095/,https://www.sec.gov/Archives/edgar/data/100493/000010049325000095/tsn-20250927.htm,data/raw/sec_10k_html/top100/chunk_04/TSN/2025_TSN_10k.html,data/processed/sec_10k_text/top100/chunk_04/TSN/2025_TSN_10k.txt,62346,3,0.481186,primary_text_sample,TRUE,,,2015,Poultry Slaughtering and Processing,,,31-33,Manufacturing,sic_range_sector_crosswalk,success,,master_frame,TRUE,TRUE,TRUE,TRUE,4,0,0.0,2,0.5,1,0.25,1,0.25,0,0.0,0,0.0,2,0.5,1,0.25,1,0.25,0,0.0,1,0.25,0.0,5,privacy_data_law_protection,business_product_service_revenue,cybersecurity_attacks_security_threats,ai_cloud_platform_infrastructure,ai_use_legal_regulatory_risk,1,business_product_service_revenue
88,Intel,INTC,50863,0000050863,2023,success,,10-K,2024-01-26,2023-12-30,0000050863-24-000010,intc-20231230.htm,https://www.sec.gov/Archives/edgar/data/50863/000005086324000010/,https://www.sec.gov/Archives/edgar/data/50863/000005086324000010/intc-20231230.htm,data/raw/sec_10k_html/top100/chunk_04/INTC/2023_INTC_10k.html,data/processed/sec_10k_text/top100/chunk_04/INTC/2023_INTC_10k.txt,68679,16,2.329679,primary_text_sample,TRUE,,,3674,Semiconductors & Related Devices,,,31-33,Manufacturing,sic_range_sector_crosswalk,success,,master_frame,TRUE,TRUE,TRUE,TRUE,99,3,0.030303,15,0.151515,1,0.010101,71,0.717172,9,0.090909,3,0.030303,15,0.151515,1,0.010101,71,0.717172,9,0.090909,13,0.131313,-0.585859,5,privacy_data_law_protection,business_product_service_revenue,cybersecurity_attacks_security_threats,ai_cloud_platform_infrastructure,ai_use_legal_regulatory_risk,3,ai_cloud_platform_infrastructure
88,Intel,INTC,50863,0000050863,2024,success,,10-K,2025-01-31,2024-12-28,0000050863-25-000009,intc-20241228.htm,https://www.sec.gov/Archives/edgar/data/50863/000005086325000009/,https://www.sec.gov/Archives/edgar/data/50863/000005086325000009/intc-20241228.htm,data/raw/sec_10k_html/top100/chunk_04/INTC/2024_INTC_10k.html,data/processed/sec_10k_text/top100/chunk_04/INTC/2024_INTC_10k.txt,66995,19,2.836033,primary_text_sample,TRUE,,,3674,Semiconductors & Related Devices,,,31-33,Manufacturing,sic_range_sector_crosswalk,success,,master_frame,TRUE,TRUE,TRUE,TRUE,88,3,0.034091,21,0.238636,3,0.034091,56,0.636364,5,0.056818,3,0.034091,21,0.238636,3,0.034091,56,0.636364,5,0.056818,11,0.125,-0.511364,5,privacy_data_law_protection,business_product_service_revenue,cybersecurity_attacks_security_threats,ai_cloud_platform_infrastructure,ai_use_legal_regulatory_risk,3,ai_cloud_platform_infrastructure
88,Intel,INTC,50863,0000050863,2025,success,,10-K,2026-01-23,2025-12-27,0000050863-26-000011,intc-20251227.htm,https://www.sec.gov/Archives/edgar/data/50863/000005086326000011/,https://www.sec.gov/Archives/edgar/data/50863/000005086326000011/intc-20251227.htm,data/raw/sec_10k_html/top100/chunk_04/INTC/2025_INTC_10k.html,data/processed/sec_10k_text/top100/chunk_04/INTC/2025_INTC_10k.txt,73901,16,2.165059,primary_text_sample,TRUE,,,3674,Semiconductors & Related Devices,,,31-33,Manufacturing,sic_range_sector_crosswalk,success,,master_frame,TRUE,TRUE,TRUE,TRUE,96,3,0.03125,25,0.260417,3,0.03125,59,0.614583,6,0.0625,3,0.03125,25,0.260417,3,0.03125,59,0.614583,6,0.0625,12,0.125,-0.489583,5,privacy_data_law_protection,business_product_service_revenue,cybersecurity_attacks_security_threats,ai_cloud_platform_infrastructure,ai_use_legal_regulatory_risk,3,ai_cloud_platform_infrastructure
89,Enterprise Products Partners,EPD,1061219,0001061219,2025,success,,10-K,2026-02-27,2025-12-31,0001061219-26-000006,epd-20251231.htm,https://www.sec.gov/Archives/edgar/data/1061219/000106121926000006/,https://www.sec.gov/Archives/edgar/data/1061219/000106121926000006/epd-20251231.htm,data/raw/sec_10k_html/top100/chunk_04/EPD/2025_EPD_10k.html,data/processed/sec_10k_text/top100/chunk_04/EPD/2025_EPD_10k.txt,111014,1,0.090079,primary_text_sample,TRUE,,,4922,Natural Gas Transmission,,,48-49,Transportation and Warehousing,sic_range_sector_crosswalk,success,,master_frame,TRUE,TRUE,TRUE,TRUE,1,0,0.0,1,1.0,0,0.0,0,0.0,0,0.0,0,0.0,1,1.0,0,0.0,0,0.0,0,0.0,0,0.0,0.0,5,privacy_data_law_protection,business_product_service_revenue,cybersecurity_attacks_security_threats,ai_cloud_platform_infrastructure,ai_use_legal_regulatory_risk,1,business_product_service_revenue
90,Ingram Micro Holding,INGM,1897762,0001897762,2024,success,,10-K,2025-03-05,2024-12-28,0001628280-25-010298,ingm-20241228.htm,https://www.sec.gov/Archives/edgar/data/1897762/000162828025010298/,https://www.sec.gov/Archives/edgar/data/1897762/000162828025010298/ingm-20241228.htm,data/raw/sec_10k_html/top100/chunk_04/INGM/2024_INGM_10k.html,data/processed/sec_10k_text/top100/chunk_04/INGM/2024_INGM_10k.txt,84799,9,1.061333,primary_text_sample,TRUE,,,5045,Wholesale-Computers & Peripheral Equipment & Software,,,42,Wholesale Trade,sic_range_sector_crosswalk,success,,master_frame,TRUE,TRUE,TRUE,TRUE,21,1,0.047619,6,0.285714,1,0.047619,6,0.285714,7,0.333333,1,0.047619,6,0.285714,1,0.047619,6,0.285714,7,0.333333,9,0.428571,0.142857,5,privacy_data_law_protection,business_product_service_revenue,cybersecurity_attacks_security_threats,ai_cloud_platform_infrastructure,ai_use_legal_regulatory_risk,4,ai_use_legal_regulatory_risk
90,Ingram Micro Holding,INGM,1897762,0001897762,2025,success,,10-K,2026-03-03,2025-12-27,0001628280-26-013588,ingm-20251227.htm,https://www.sec.gov/Archives/edgar/data/1897762/000162828026013588/,https://www.sec.gov/Archives/edgar/data/1897762/000162828026013588/ingm-20251227.htm,data/raw/sec_10k_html/top100/chunk_04/INGM/2025_INGM_10k.html,data/processed/sec_10k_text/top100/chunk_04/INGM/2025_INGM_10k.txt,63566,10,1.573168,primary_text_sample,TRUE,,,5045,Wholesale-Computers & Peripheral Equipment & Software,,,42,Wholesale Trade,sic_range_sector_crosswalk,success,,master_frame,TRUE,TRUE,TRUE,TRUE,24,2,0.083333,7,0.291667,1,0.041667,7,0.291667,7,0.291667,2,0.083333,7,0.291667,1,0.041667,7,0.291667,7,0.291667,10,0.416667,0.125,5,privacy_data_law_protection,business_product_service_revenue,cybersecurity_attacks_security_threats,ai_cloud_platform_infrastructure,ai_use_legal_regulatory_risk,1,business_product_service_revenue
91,General Dynamics,GD,40533,0000040533,2023,success,,10-K,2024-02-08,2023-12-31,0000040533-24-000007,gd-20231231.htm,https://www.sec.gov/Archives/edgar/data/40533/000004053324000007/,https://www.sec.gov/Archives/edgar/data/40533/000004053324000007/gd-20231231.htm,data/raw/sec_10k_html/top100/chunk_04/GD/2023_GD_10k.html,data/processed/sec_10k_text/top100/chunk_04/GD/2023_GD_10k.txt,41386,1,0.241628,primary_text_sample,TRUE,,,3730,Ship & Boat Building & Repairing,,,31-33,Manufacturing,sic_range_sector_crosswalk,success,,master_frame,TRUE,TRUE,TRUE,TRUE,5,0,0.0,0,0.0,0,0.0,5,1.0,0,0.0,0,0.0,0,0.0,0,0.0,5,1.0,0,0.0,0,0.0,-1.0,5,privacy_data_law_protection,business_product_service_revenue,cybersecurity_attacks_security_threats,ai_cloud_platform_infrastructure,ai_use_legal_regulatory_risk,3,ai_cloud_platform_infrastructure
91,General Dynamics,GD,40533,0000040533,2024,success,,10-K,2025-02-07,2024-12-31,0000040533-25-000008,gd-20241231.htm,https://www.sec.gov/Archives/edgar/data/40533/000004053325000008/,https://www.sec.gov/Archives/edgar/data/40533/000004053325000008/gd-20241231.htm,data/raw/sec_10k_html/top100/chunk_04/GD/2024_GD_10k.html,data/processed/sec_10k_text/top100/chunk_04/GD/2024_GD_10k.txt,41684,2,0.4798,primary_text_sample,TRUE,,,3730,Ship & Boat Building & Repairing,,,31-33,Manufacturing,sic_range_sector_crosswalk,success,,master_frame,TRUE,TRUE,TRUE,TRUE,4,0,0.0,0,0.0,0,0.0,4,1.0,0,0.0,0,0.0,0,0.0,0,0.0,4,1.0,0,0.0,0,0.0,-1.0,5,privacy_data_law_protection,business_product_service_revenue,cybersecurity_attacks_security_threats,ai_cloud_platform_infrastructure,ai_use_legal_regulatory_risk,3,ai_cloud_platform_infrastructure
91,General Dynamics,GD,40533,0000040533,2025,success,,10-K,2026-01-30,2025-12-31,0000040533-26-000006,gd-20251231.htm,https://www.sec.gov/Archives/edgar/data/40533/000004053326000006/,https://www.sec.gov/Archives/edgar/data/40533/000004053326000006/gd-20251231.htm,data/raw/sec_10k_html/top100/chunk_04/GD/2025_GD_10k.html,data/processed/sec_10k_text/top100/chunk_04/GD/2025_GD_10k.txt,40920,2,0.488759,primary_text_sample,TRUE,,,3730,Ship & Boat Building & Repairing,,,31-33,Manufacturing,sic_range_sector_crosswalk,success,,master_frame,TRUE,TRUE,TRUE,TRUE,4,0,0.0,1,0.25,0,0.0,3,0.75,0,0.0,0,0.0,1,0.25,0,0.0,3,0.75,0,0.0,0,0.0,-0.75,5,privacy_data_law_protection,business_product_service_revenue,cybersecurity_attacks_security_threats,ai_cloud_platform_infrastructure,ai_use_legal_regulatory_risk,3,ai_cloud_platform_infrastructure
92,Uber Technologies,UBER,1543151,0001543151,2023,success,,10-K,2024-02-15,2023-12-31,0001543151-24-000012,uber-20231231.htm,https://www.sec.gov/Archives/edgar/data/1543151/000154315124000012/,https://www.sec.gov/Archives/edgar/data/1543151/000154315124000012/uber-20231231.htm,data/raw/sec_10k_html/top100/chunk_04/UBER/2023_UBER_10k.html,data/processed/sec_10k_text/top100/chunk_04/UBER/2023_UBER_10k.txt,95592,13,1.359946,primary_text_sample,TRUE,,,7389,"Services-Business Services, NEC",,,56,Administrative and Support and Waste Management and Remediation Services,sic_range_sector_crosswalk,success,,master_frame,TRUE,TRUE,TRUE,TRUE,16,3,0.1875,1,0.0625,2,0.125,1,0.0625,9,0.5625,3,0.1875,1,0.0625,2,0.125,1,0.0625,9,0.5625,14,0.875,0.8125,5,privacy_data_law_protection,business_product_service_revenue,cybersecurity_attacks_security_threats,ai_cloud_platform_infrastructure,ai_use_legal_regulatory_risk,4,ai_use_legal_regulatory_risk
92,Uber Technologies,UBER,1543151,0001543151,2024,success,,10-K,2025-02-14,2024-12-31,0001543151-25-000008,uber-20241231.htm,https://www.sec.gov/Archives/edgar/data/1543151/000154315125000008/,https://www.sec.gov/Archives/edgar/data/1543151/000154315125000008/uber-20241231.htm,data/raw/sec_10k_html/top100/chunk_04/UBER/2024_UBER_10k.html,data/processed/sec_10k_text/top100/chunk_04/UBER/2024_UBER_10k.txt,90116,13,1.442585,primary_text_sample,TRUE,,,7389,"Services-Business Services, NEC",,,56,Administrative and Support and Waste Management and Remediation Services,sic_range_sector_crosswalk,success,,master_frame,TRUE,TRUE,TRUE,TRUE,16,4,0.25,1,0.0625,1,0.0625,0,0.0,10,0.625,4,0.25,1,0.0625,1,0.0625,0,0.0,10,0.625,15,0.9375,0.9375,5,privacy_data_law_protection,business_product_service_revenue,cybersecurity_attacks_security_threats,ai_cloud_platform_infrastructure,ai_use_legal_regulatory_risk,4,ai_use_legal_regulatory_risk
92,Uber Technologies,UBER,1543151,0001543151,2025,success,,10-K,2026-02-13,2025-12-31,0001543151-26-000015,uber-20251231.htm,https://www.sec.gov/Archives/edgar/data/1543151/000154315126000015/,https://www.sec.gov/Archives/edgar/data/1543151/000154315126000015/uber-20251231.htm,data/raw/sec_10k_html/top100/chunk_04/UBER/2025_UBER_10k.html,data/processed/sec_10k_text/top100/chunk_04/UBER/2025_UBER_10k.txt,88147,12,1.361362,primary_text_sample,TRUE,,,7389,"Services-Business Services, NEC",,,56,Administrative and Support and Waste Management and Remediation Services,sic_range_sector_crosswalk,success,,master_frame,TRUE,TRUE,TRUE,TRUE,19,6,0.315789,1,0.052632,2,0.105263,0,0.0,10,0.526316,6,0.315789,1,0.052632,2,0.105263,0,0.0,10,0.526316,18,0.947368,0.947368,5,privacy_data_law_protection,business_product_service_revenue,cybersecurity_attacks_security_threats,ai_cloud_platform_infrastructure,ai_use_legal_regulatory_risk,4,ai_use_legal_regulatory_risk
96,Travelers,TRV,86312,0000086312,2023,success,,10-K,2024-02-15,2023-12-31,0000086312-24-000012,trv-20231231.htm,https://www.sec.gov/Archives/edgar/data/86312/000008631224000012/,https://www.sec.gov/Archives/edgar/data/86312/000008631224000012/trv-20231231.htm,data/raw/sec_10k_html/top100/chunk_04/TRV/2023_TRV_10k.html,data/processed/sec_10k_text/top100/chunk_04/TRV/2023_TRV_10k.txt,116126,16,1.377814,primary_text_sample,TRUE,,,6331,"Fire, Marine & Casualty Insurance",,,52,Finance and Insurance,sic_range_sector_crosswalk,success,,master_frame,TRUE,TRUE,TRUE,TRUE,13,1,0.076923,8,0.615385,2,0.153846,0,0.0,2,0.153846,1,0.076923,8,0.615385,2,0.153846,0,0.0,2,0.153846,5,0.384615,0.384615,5,privacy_data_law_protection,business_product_service_revenue,cybersecurity_attacks_security_threats,ai_cloud_platform_infrastructure,ai_use_legal_regulatory_risk,1,business_product_service_revenue
96,Travelers,TRV,86312,0000086312,2024,success,,10-K,2025-02-13,2024-12-31,0000086312-25-000012,trv-20241231.htm,https://www.sec.gov/Archives/edgar/data/86312/000008631225000012/,https://www.sec.gov/Archives/edgar/data/86312/000008631225000012/trv-20241231.htm,data/raw/sec_10k_html/top100/chunk_04/TRV/2024_TRV_10k.html,data/processed/sec_10k_text/top100/chunk_04/TRV/2024_TRV_10k.txt,117286,20,1.705233,primary_text_sample,TRUE,,,6331,"Fire, Marine & Casualty Insurance",,,52,Finance and Insurance,sic_range_sector_crosswalk,success,,master_frame,TRUE,TRUE,TRUE,TRUE,17,3,0.176471,8,0.470588,5,0.294118,0,0.0,1,0.058824,3,0.176471,8,0.470588,5,0.294118,0,0.0,1,0.058824,9,0.529413,0.529412,5,privacy_data_law_protection,business_product_service_revenue,cybersecurity_attacks_security_threats,ai_cloud_platform_infrastructure,ai_use_legal_regulatory_risk,1,business_product_service_revenue
96,Travelers,TRV,86312,0000086312,2025,success,,10-K,2026-02-12,2025-12-31,0000086312-26-000065,trv-20251231.htm,https://www.sec.gov/Archives/edgar/data/86312/000008631226000065/,https://www.sec.gov/Archives/edgar/data/86312/000008631226000065/trv-20251231.htm,data/raw/sec_10k_html/top100/chunk_04/TRV/2025_TRV_10k.html,data/processed/sec_10k_text/top100/chunk_04/TRV/2025_TRV_10k.txt,115874,32,2.76162,primary_text_sample,TRUE,,,6331,"Fire, Marine & Casualty Insurance",,,52,Finance and Insurance,sic_range_sector_crosswalk,success,,master_frame,TRUE,TRUE,TRUE,TRUE,29,4,0.137931,12,0.413793,8,0.275862,0,0.0,5,0.172414,4,0.137931,12,0.413793,8,0.275862,0,0.0,5,0.172414,17,0.586207,0.586207,5,privacy_data_law_protection,business_product_service_revenue,cybersecurity_attacks_security_threats,ai_cloud_platform_infrastructure,ai_use_legal_regulatory_risk,1,business_product_service_revenue
97,Bristol-Myers Squibb,BMY,14272,0000014272,2024,success,,10-K,2025-02-12,2024-12-31,0000014272-25-000039,bmy-20241231.htm,https://www.sec.gov/Archives/edgar/data/14272/000001427225000039/,https://www.sec.gov/Archives/edgar/data/14272/000001427225000039/bmy-20241231.htm,data/raw/sec_10k_html/top100/chunk_04/BMY/2024_BMY_10k.html,data/processed/sec_10k_text/top100/chunk_04/BMY/2024_BMY_10k.txt,75203,4,0.531894,primary_text_sample,TRUE,,,2834,Pharmaceutical Preparations,,,31-33,Manufacturing,sic_range_sector_crosswalk,success,,master_frame,TRUE,TRUE,TRUE,TRUE,6,0,0.0,0,0.0,2,0.333333,1,0.166667,3,0.5,0,0.0,0,0.0,2,0.333333,1,0.166667,3,0.5,5,0.833333,0.666667,5,privacy_data_law_protection,business_product_service_revenue,cybersecurity_attacks_security_threats,ai_cloud_platform_infrastructure,ai_use_legal_regulatory_risk,4,ai_use_legal_regulatory_risk
97,Bristol-Myers Squibb,BMY,14272,0000014272,2025,success,,10-K,2026-02-11,2025-12-31,0000014272-26-000004,bmy-20251231.htm,https://www.sec.gov/Archives/edgar/data/14272/000001427226000004/,https://www.sec.gov/Archives/edgar/data/14272/000001427226000004/bmy-20251231.htm,data/raw/sec_10k_html/top100/chunk_04/BMY/2025_BMY_10k.html,data/processed/sec_10k_text/top100/chunk_04/BMY/2025_BMY_10k.txt,75195,8,1.063901,primary_text_sample,TRUE,,,2834,Pharmaceutical Preparations,,,31-33,Manufacturing,sic_range_sector_crosswalk,success,,master_frame,TRUE,TRUE,TRUE,TRUE,10,1,0.1,0,0.0,3,0.3,3,0.3,3,0.3,1,0.1,0,0.0,3,0.3,3,0.3,3,0.3,7,0.7,0.4,5,privacy_data_law_protection,business_product_service_revenue,cybersecurity_attacks_security_threats,ai_cloud_platform_infrastructure,ai_use_legal_regulatory_risk,2,cybersecurity_attacks_security_threats
98,Coca-Cola,KO,21344,0000021344,2023,success,,10-K,2024-02-20,2023-12-31,0000021344-24-000009,ko-20231231.htm,https://www.sec.gov/Archives/edgar/data/21344/000002134424000009/,https://www.sec.gov/Archives/edgar/data/21344/000002134424000009/ko-20231231.htm,data/raw/sec_10k_html/top100/chunk_04/KO/2023_KO_10k.html,data/processed/sec_10k_text/top100/chunk_04/KO/2023_KO_10k.txt,87461,7,0.800357,primary_text_sample,TRUE,,,2080,Beverages,,,31-33,Manufacturing,sic_range_sector_crosswalk,success,,master_frame,TRUE,TRUE,TRUE,TRUE,4,1,0.25,2,0.5,1,0.25,0,0.0,0,0.0,1,0.25,2,0.5,1,0.25,0,0.0,0,0.0,2,0.5,0.5,5,privacy_data_law_protection,business_product_service_revenue,cybersecurity_attacks_security_threats,ai_cloud_platform_infrastructure,ai_use_legal_regulatory_risk,1,business_product_service_revenue
98,Coca-Cola,KO,21344,0000021344,2024,success,,10-K,2025-02-20,2024-12-31,0000021344-25-000011,ko-20241231.htm,https://www.sec.gov/Archives/edgar/data/21344/000002134425000011/,https://www.sec.gov/Archives/edgar/data/21344/000002134425000011/ko-20241231.htm,data/raw/sec_10k_html/top100/chunk_04/KO/2024_KO_10k.html,data/processed/sec_10k_text/top100/chunk_04/KO/2024_KO_10k.txt,87505,10,1.142792,primary_text_sample,TRUE,,,2080,Beverages,,,31-33,Manufacturing,sic_range_sector_crosswalk,success,,master_frame,TRUE,TRUE,TRUE,TRUE,6,2,0.333333,3,0.5,1,0.166667,0,0.0,0,0.0,2,0.333333,3,0.5,1,0.166667,0,0.0,0,0.0,3,0.5,0.5,5,privacy_data_law_protection,business_product_service_revenue,cybersecurity_attacks_security_threats,ai_cloud_platform_infrastructure,ai_use_legal_regulatory_risk,1,business_product_service_revenue
98,Coca-Cola,KO,21344,0000021344,2025,success,,10-K,2026-02-20,2025-12-31,0001628280-26-010047,ko-20251231.htm,https://www.sec.gov/Archives/edgar/data/21344/000162828026010047/,https://www.sec.gov/Archives/edgar/data/21344/000162828026010047/ko-20251231.htm,data/raw/sec_10k_html/top100/chunk_04/KO/2025_KO_10k.html,data/processed/sec_10k_text/top100/chunk_04/KO/2025_KO_10k.txt,87374,14,1.602307,primary_text_sample,TRUE,,,2080,Beverages,,,31-33,Manufacturing,sic_range_sector_crosswalk,success,,master_frame,TRUE,TRUE,TRUE,TRUE,8,2,0.25,5,0.625,1,0.125,0,0.0,0,0.0,2,0.25,5,0.625,1,0.125,0,0.0,0,0.0,3,0.375,0.375,5,privacy_data_law_protection,business_product_service_revenue,cybersecurity_attacks_security_threats,ai_cloud_platform_infrastructure,ai_use_legal_regulatory_risk,1,business_product_service_revenue
99,Nike,NKE,320187,0000320187,2023,success,,10-K,2023-07-20,2023-05-31,0000320187-23-000039,nke-20230531.htm,https://www.sec.gov/Archives/edgar/data/320187/000032018723000039/,https://www.sec.gov/Archives/edgar/data/320187/000032018723000039/nke-20230531.htm,data/raw/sec_10k_html/top100/chunk_04/NKE/2023_NKE_10k.html,data/processed/sec_10k_text/top100/chunk_04/NKE/2023_NKE_10k.txt,53349,1,0.187445,primary_text_sample,TRUE,,,3021,Rubber & Plastics Footwear,,,31-33,Manufacturing,sic_range_sector_crosswalk,success,,master_frame,TRUE,TRUE,TRUE,TRUE,1,0,0.0,1,1.0,0,0.0,0,0.0,0,0.0,0,0.0,1,1.0,0,0.0,0,0.0,0,0.0,0,0.0,0.0,5,privacy_data_law_protection,business_product_service_revenue,cybersecurity_attacks_security_threats,ai_cloud_platform_infrastructure,ai_use_legal_regulatory_risk,1,business_product_service_revenue
99,Nike,NKE,320187,0000320187,2024,success,,10-K,2024-07-25,2024-05-31,0000320187-24-000044,nke-20240531.htm,https://www.sec.gov/Archives/edgar/data/320187/000032018724000044/,https://www.sec.gov/Archives/edgar/data/320187/000032018724000044/nke-20240531.htm,data/raw/sec_10k_html/top100/chunk_04/NKE/2024_NKE_10k.html,data/processed/sec_10k_text/top100/chunk_04/NKE/2024_NKE_10k.txt,54319,4,0.736391,primary_text_sample,TRUE,,,3021,Rubber & Plastics Footwear,,,31-33,Manufacturing,sic_range_sector_crosswalk,success,,master_frame,TRUE,TRUE,TRUE,TRUE,4,0,0.0,2,0.5,1,0.25,0,0.0,1,0.25,0,0.0,2,0.5,1,0.25,0,0.0,1,0.25,2,0.5,0.5,5,privacy_data_law_protection,business_product_service_revenue,cybersecurity_attacks_security_threats,ai_cloud_platform_infrastructure,ai_use_legal_regulatory_risk,1,business_product_service_revenue
99,Nike,NKE,320187,0000320187,2025,success,,10-K,2025-07-17,2025-05-31,0000320187-25-000047,nke-20250531.htm,https://www.sec.gov/Archives/edgar/data/320187/000032018725000047/,https://www.sec.gov/Archives/edgar/data/320187/000032018725000047/nke-20250531.htm,data/raw/sec_10k_html/top100/chunk_04/NKE/2025_NKE_10k.html,data/processed/sec_10k_text/top100/chunk_04/NKE/2025_NKE_10k.txt,53134,2,0.376407,primary_text_sample,TRUE,,,3021,Rubber & Plastics Footwear,,,31-33,Manufacturing,sic_range_sector_crosswalk,success,,master_frame,TRUE,TRUE,TRUE,TRUE,3,0,0.0,1,0.333333,1,0.333333,0,0.0,1,0.333333,0,0.0,1,0.333333,1,0.333333,0,0.0,1,0.333333,2,0.666666,0.666667,5,privacy_data_law_protection,business_product_service_revenue,cybersecurity_attacks_security_threats,ai_cloud_platform_infrastructure,ai_use_legal_regulatory_risk,1,business_product_service_revenue
